[2026-05-09 08:00:27,662] INFO Registered kafka:type=kafka.Log4jController MBean (kafka.utils.Log4jControllerRegistration$)
[2026-05-09 08:00:28,028] INFO Setting -D jdk.tls.rejectClientInitiatedRenegotiation=true to disable client-initiated TLS renegotiation (org.apache.zookeeper.common.X509Util)
[2026-05-09 08:00:28,295] INFO [ControllerServer id=1] Starting controller (kafka.server.ControllerServer)
[2026-05-09 08:00:29,020] INFO Updated connection-accept-rate max connection creation rate to 2147483647 (kafka.network.ConnectionQuotas)
[2026-05-09 08:00:29,156] INFO [SocketServer listenerType=CONTROLLER, nodeId=1] Created data-plane acceptor and processors for endpoint : ListenerName(CONTROLLER) (kafka.network.SocketServer)
[2026-05-09 08:00:29,167] INFO authorizerStart completed for endpoint CONTROLLER. Endpoint is now READY. (org.apache.kafka.server.network.EndpointReadyFutures)
[2026-05-09 08:00:29,175] INFO [SharedServer id=1] Starting SharedServer (kafka.server.SharedServer)
[2026-05-09 08:00:29,328] INFO [LogLoader partition=__cluster_metadata-0, dir=C:\kafka\tmp\kraft-combined-logs] Recovering unflushed segment 0. 0/1 recovered for __cluster_metadata-0. (kafka.log.LogLoader)
[2026-05-09 08:00:29,330] INFO [LogLoader partition=__cluster_metadata-0, dir=C:\kafka\tmp\kraft-combined-logs] Loading producer state till offset 0 with message format version 2 (kafka.log.UnifiedLog$)
[2026-05-09 08:00:29,332] INFO [LogLoader partition=__cluster_metadata-0, dir=C:\kafka\tmp\kraft-combined-logs] Reloading from producer snapshot and rebuilding producer state from offset 0 (kafka.log.UnifiedLog$)
[2026-05-09 08:00:29,350] INFO Deleted producer state snapshot C:\kafka\tmp\kraft-combined-logs\__cluster_metadata-0\00000000000000019360.snapshot (org.apache.kafka.storage.internals.log.SnapshotFile)
[2026-05-09 08:00:29,352] INFO [LogLoader partition=__cluster_metadata-0, dir=C:\kafka\tmp\kraft-combined-logs] Producer state recovery took 2ms for snapshot load and 0ms for segment recovery from offset 0 (kafka.log.UnifiedLog$)
[2026-05-09 08:00:29,714] INFO [ProducerStateManager partition=__cluster_metadata-0] Wrote producer snapshot at offset 21440 with 0 producer ids in 2 ms. (org.apache.kafka.storage.internals.log.ProducerStateManager)
[2026-05-09 08:00:29,719] INFO [LogLoader partition=__cluster_metadata-0, dir=C:\kafka\tmp\kraft-combined-logs] Loading producer state till offset 21440 with message format version 2 (kafka.log.UnifiedLog$)
[2026-05-09 08:00:29,719] INFO [LogLoader partition=__cluster_metadata-0, dir=C:\kafka\tmp\kraft-combined-logs] Reloading from producer snapshot and rebuilding producer state from offset 21440 (kafka.log.UnifiedLog$)
[2026-05-09 08:00:29,719] INFO [ProducerStateManager partition=__cluster_metadata-0] Loading producer state from snapshot file 'SnapshotFile(offset=21440, file=C:\kafka\tmp\kraft-combined-logs\__cluster_metadata-0\00000000000000021440.snapshot)' (org.apache.kafka.storage.internals.log.ProducerStateManager)
[2026-05-09 08:00:29,735] INFO [LogLoader partition=__cluster_metadata-0, dir=C:\kafka\tmp\kraft-combined-logs] Producer state recovery took 16ms for snapshot load and 0ms for segment recovery from offset 21440 (kafka.log.UnifiedLog$)
[2026-05-09 08:00:29,789] INFO Initialized snapshots with IDs Set(OffsetAndEpoch(offset=7103, epoch=1), OffsetAndEpoch(offset=17866, epoch=3)) from C:\kafka\tmp\kraft-combined-logs\__cluster_metadata-0 (kafka.raft.KafkaMetadataLog$)
[2026-05-09 08:00:29,815] INFO [raft-expiration-reaper]: Starting (kafka.raft.TimingWheelExpirationService$ExpiredOperationReaper)
[2026-05-09 08:00:29,835] INFO [RaftManager id=1] Reading KRaft snapshot and log as part of the initialization (org.apache.kafka.raft.KafkaRaftClient)
[2026-05-09 08:00:29,841] INFO [RaftManager id=1] Loading snapshot (OffsetAndEpoch(offset=17866, epoch=3)) since log start offset (0) is greater than the internal listener's next offset (-1) (org.apache.kafka.raft.internals.KRaftControlRecordStateMachine)
[2026-05-09 08:00:29,915] INFO [RaftManager id=1] Starting voters are VoterSet(voters={1=VoterNode(voterKey=ReplicaKey(id=1, directoryId=Optional.empty), listeners=Endpoints(endpoints={ListenerName(CONTROLLER)=localhost/127.0.0.1:9093}), supportedKRaftVersion=SupportedVersionRange[min_version:0, max_version:0])}) (org.apache.kafka.raft.KafkaRaftClient)
[2026-05-09 08:00:29,918] INFO [RaftManager id=1] Starting request manager with static voters: [localhost:9093 (id: 1 rack: null)] (org.apache.kafka.raft.KafkaRaftClient)
[2026-05-09 08:00:30,201] INFO [RaftManager id=1] Attempting durable transition to ResignedState(localId=1, epoch=4, voters=[1], electionTimeoutMs=1819, unackedVoters=[], preferredSuccessors=[]) from null (org.apache.kafka.raft.QuorumState)
[2026-05-09 08:00:30,222] INFO [RaftManager id=1] Completed transition to ResignedState(localId=1, epoch=4, voters=[1], electionTimeoutMs=1819, unackedVoters=[], preferredSuccessors=[]) from null (org.apache.kafka.raft.QuorumState)
[2026-05-09 08:00:30,229] INFO [RaftManager id=1] Attempting durable transition to CandidateState(localId=1, localDirectoryId=KAKMZiaH5ZsvNnz0q1wkig,epoch=5, retries=1, voteStates={1=org.apache.kafka.raft.CandidateState$VoterState@4e93dcb9}, highWatermark=Optional.empty, electionTimeoutMs=1789) from ResignedState(localId=1, epoch=4, voters=[1], electionTimeoutMs=1819, unackedVoters=[], preferredSuccessors=[]) (org.apache.kafka.raft.QuorumState)
[2026-05-09 08:00:30,235] INFO [RaftManager id=1] Completed transition to CandidateState(localId=1, localDirectoryId=KAKMZiaH5ZsvNnz0q1wkig,epoch=5, retries=1, voteStates={1=org.apache.kafka.raft.CandidateState$VoterState@4e93dcb9}, highWatermark=Optional.empty, electionTimeoutMs=1789) from ResignedState(localId=1, epoch=4, voters=[1], electionTimeoutMs=1819, unackedVoters=[], preferredSuccessors=[]) (org.apache.kafka.raft.QuorumState)
[2026-05-09 08:00:30,240] INFO [RaftManager id=1] Attempting durable transition to Leader(localReplicaKey=ReplicaKey(id=1, directoryId=Optional[KAKMZiaH5ZsvNnz0q1wkig]), epoch=5, epochStartOffset=21440, highWatermark=Optional.empty, voterStates={1=ReplicaState(replicaKey=ReplicaKey(id=1, directoryId=Optional.empty), endOffset=Optional.empty, lastFetchTimestamp=-1, lastCaughtUpTimestamp=-1, hasAcknowledgedLeader=true)}) from CandidateState(localId=1, localDirectoryId=KAKMZiaH5ZsvNnz0q1wkig,epoch=5, retries=1, voteStates={1=org.apache.kafka.raft.CandidateState$VoterState@4e93dcb9}, highWatermark=Optional.empty, electionTimeoutMs=1789) (org.apache.kafka.raft.QuorumState)
[2026-05-09 08:00:30,245] INFO [RaftManager id=1] Completed transition to Leader(localReplicaKey=ReplicaKey(id=1, directoryId=Optional[KAKMZiaH5ZsvNnz0q1wkig]), epoch=5, epochStartOffset=21440, highWatermark=Optional.empty, voterStates={1=ReplicaState(replicaKey=ReplicaKey(id=1, directoryId=Optional.empty), endOffset=Optional.empty, lastFetchTimestamp=-1, lastCaughtUpTimestamp=-1, hasAcknowledgedLeader=true)}) from CandidateState(localId=1, localDirectoryId=KAKMZiaH5ZsvNnz0q1wkig,epoch=5, retries=1, voteStates={1=org.apache.kafka.raft.CandidateState$VoterState@4e93dcb9}, highWatermark=Optional.empty, electionTimeoutMs=1789) (org.apache.kafka.raft.QuorumState)
[2026-05-09 08:00:30,263] INFO [kafka-1-raft-outbound-request-thread]: Starting (org.apache.kafka.raft.KafkaNetworkChannel$SendThread)
[2026-05-09 08:00:30,264] INFO [kafka-1-raft-io-thread]: Starting (org.apache.kafka.raft.KafkaRaftClientDriver)
[2026-05-09 08:00:30,294] INFO [LocalLog partition=__cluster_metadata-0, dir=C:\kafka\tmp\kraft-combined-logs] Rolled new log segment at offset 21440 in 7 ms. (kafka.log.LocalLog)
[2026-05-09 08:00:30,300] INFO [MetadataLoader id=1] initializeNewPublishers: the loader is still catching up because we still don't know the high water mark yet. (org.apache.kafka.image.loader.MetadataLoader)
[2026-05-09 08:00:30,304] INFO [ControllerServer id=1] Waiting for controller quorum voters future (kafka.server.ControllerServer)
[2026-05-09 08:00:30,304] INFO [ControllerServer id=1] Finished waiting for controller quorum voters future (kafka.server.ControllerServer)
[2026-05-09 08:00:30,334] INFO [RaftManager id=1] High watermark set to LogOffsetMetadata(offset=21441, metadata=Optional[(segmentBaseOffset=21440,relativePositionInSegment=91)]) for the first time for epoch 5 based on indexOfHw 0 and voters [ReplicaState(replicaKey=ReplicaKey(id=1, directoryId=Optional.empty), endOffset=Optional[LogOffsetMetadata(offset=21441, metadata=Optional[(segmentBaseOffset=21440,relativePositionInSegment=91)])], lastFetchTimestamp=-1, lastCaughtUpTimestamp=-1, hasAcknowledgedLeader=true)] (org.apache.kafka.raft.LeaderState)
[2026-05-09 08:00:30,341] INFO [RaftManager id=1] Registered the listener org.apache.kafka.image.loader.MetadataLoader@49611524 (org.apache.kafka.raft.KafkaRaftClient)
[2026-05-09 08:00:30,350] INFO [MetadataLoader id=1] handleLoadSnapshot(00000000000000017866-0000000003): incrementing HandleLoadSnapshotCount to 1. (org.apache.kafka.image.loader.MetadataLoader)
[2026-05-09 08:00:30,371] INFO [MetadataLoader id=1] handleLoadSnapshot(00000000000000017866-0000000003): generated a metadata delta between offset -1 and this snapshot in 21255 us. (org.apache.kafka.image.loader.MetadataLoader)
[2026-05-09 08:00:30,371] INFO [RaftManager id=1] Registered the listener org.apache.kafka.controller.QuorumController$QuorumMetaLogListener@1104787145 (org.apache.kafka.raft.KafkaRaftClient)
[2026-05-09 08:00:30,371] INFO [MetadataLoader id=1] maybePublishMetadata(SNAPSHOT): The loader is still catching up because we have loaded up to offset 17865, but the high water mark is 21441 (org.apache.kafka.image.loader.MetadataLoader)
[2026-05-09 08:00:30,404] INFO [controller-1-ThrottledChannelReaper-Fetch]: Starting (kafka.server.ClientQuotaManager$ThrottledChannelReaper)
[2026-05-09 08:00:30,430] INFO [controller-1-ThrottledChannelReaper-Produce]: Starting (kafka.server.ClientQuotaManager$ThrottledChannelReaper)
[2026-05-09 08:00:30,431] INFO [controller-1-ThrottledChannelReaper-Request]: Starting (kafka.server.ClientQuotaManager$ThrottledChannelReaper)
[2026-05-09 08:00:30,434] INFO [controller-1-ThrottledChannelReaper-ControllerMutation]: Starting (kafka.server.ClientQuotaManager$ThrottledChannelReaper)
[2026-05-09 08:00:30,528] INFO [MetadataLoader id=1] maybePublishMetadata(LOG_DELTA): The loader is still catching up because we have loaded up to offset 21439, but the high water mark is 21441 (org.apache.kafka.image.loader.MetadataLoader)
[2026-05-09 08:00:30,531] INFO [MetadataLoader id=1] initializeNewPublishers: The loader is still catching up because we have loaded up to offset 21439, but the high water mark is 21441 (org.apache.kafka.image.loader.MetadataLoader)
[2026-05-09 08:00:30,534] INFO [MetadataLoader id=1] maybePublishMetadata(LOG_DELTA): The loader finished catching up to the current high water mark of 21441 (org.apache.kafka.image.loader.MetadataLoader)
[2026-05-09 08:00:30,551] INFO [MetadataLoader id=1] InitializeNewPublishers: initializing SnapshotGenerator with a snapshot at offset 21440 (org.apache.kafka.image.loader.MetadataLoader)
[2026-05-09 08:00:30,555] INFO [ExpirationReaper-1-AlterAcls]: Starting (kafka.server.DelayedOperationPurgatory$ExpiredOperationReaper)
[2026-05-09 08:00:30,582] INFO [ControllerServer id=1] Waiting for the controller metadata publishers to be installed (kafka.server.ControllerServer)
[2026-05-09 08:00:30,586] INFO [ControllerServer id=1] Finished waiting for the controller metadata publishers to be installed (kafka.server.ControllerServer)
[2026-05-09 08:00:30,586] INFO [MetadataLoader id=1] InitializeNewPublishers: initializing KRaftMetadataCachePublisher with a snapshot at offset 21440 (org.apache.kafka.image.loader.MetadataLoader)
[2026-05-09 08:00:30,588] INFO [SocketServer listenerType=CONTROLLER, nodeId=1] Enabling request processing. (kafka.network.SocketServer)
[2026-05-09 08:00:30,589] INFO [MetadataLoader id=1] InitializeNewPublishers: initializing FeaturesPublisher with a snapshot at offset 21440 (org.apache.kafka.image.loader.MetadataLoader)
[2026-05-09 08:00:30,589] INFO [ControllerServer id=1] Loaded new metadata Features(metadataVersion=3.9-IV0, finalizedFeatures={metadata.version=21}, finalizedFeaturesEpoch=21440). (org.apache.kafka.metadata.publisher.FeaturesPublisher)
[2026-05-09 08:00:30,589] INFO [MetadataLoader id=1] InitializeNewPublishers: initializing ControllerRegistrationsPublisher with a snapshot at offset 21440 (org.apache.kafka.image.loader.MetadataLoader)
[2026-05-09 08:00:30,589] INFO [MetadataLoader id=1] InitializeNewPublishers: initializing ControllerRegistrationManager with a snapshot at offset 21440 (org.apache.kafka.image.loader.MetadataLoader)
[2026-05-09 08:00:30,589] INFO [MetadataLoader id=1] InitializeNewPublishers: initializing DynamicConfigPublisher controller id=1 with a snapshot at offset 21440 (org.apache.kafka.image.loader.MetadataLoader)
[2026-05-09 08:00:30,594] INFO [ControllerRegistrationManager id=1 incarnation=Swby7gRHQVKX0Oda2FmZQA] Found registration for 17IRsKfJQqih7BKWufFMgQ instead of our incarnation. (kafka.server.ControllerRegistrationManager)
[2026-05-09 08:00:30,599] INFO [MetadataLoader id=1] InitializeNewPublishers: initializing DynamicClientQuotaPublisher controller id=1 with a snapshot at offset 21440 (org.apache.kafka.image.loader.MetadataLoader)
[2026-05-09 08:00:30,601] INFO Awaiting socket connections on 0.0.0.0:9093. (kafka.network.DataPlaneAcceptor)
[2026-05-09 08:00:30,604] INFO [MetadataLoader id=1] InitializeNewPublishers: initializing ScramPublisher controller id=1 with a snapshot at offset 21440 (org.apache.kafka.image.loader.MetadataLoader)
[2026-05-09 08:00:30,609] INFO [MetadataLoader id=1] InitializeNewPublishers: initializing DelegationTokenPublisher controller id=1 with a snapshot at offset 21440 (org.apache.kafka.image.loader.MetadataLoader)
[2026-05-09 08:00:30,617] INFO [MetadataLoader id=1] InitializeNewPublishers: initializing ControllerMetadataMetricsPublisher with a snapshot at offset 21440 (org.apache.kafka.image.loader.MetadataLoader)
[2026-05-09 08:00:30,619] INFO [MetadataLoader id=1] InitializeNewPublishers: initializing AclPublisher controller id=1 with a snapshot at offset 21440 (org.apache.kafka.image.loader.MetadataLoader)
[2026-05-09 08:00:30,655] INFO [controller-1-to-controller-registration-channel-manager]: Starting (kafka.server.NodeToControllerRequestThread)
[2026-05-09 08:00:30,656] INFO [ControllerRegistrationManager id=1 incarnation=Swby7gRHQVKX0Oda2FmZQA] initialized channel manager. (kafka.server.ControllerRegistrationManager)
[2026-05-09 08:00:30,658] INFO [controller-1-to-controller-registration-channel-manager]: Recorded new KRaft controller, from now on will use node localhost:9093 (id: 1 rack: null) (kafka.server.NodeToControllerRequestThread)
[2026-05-09 08:00:30,655] INFO [ControllerServer id=1] Waiting for all of the authorizer futures to be completed (kafka.server.ControllerServer)
[2026-05-09 08:00:30,661] INFO [ControllerRegistrationManager id=1 incarnation=Swby7gRHQVKX0Oda2FmZQA] sendControllerRegistration: attempting to send ControllerRegistrationRequestData(controllerId=1, incarnationId=Swby7gRHQVKX0Oda2FmZQA, zkMigrationReady=false, listeners=[Listener(name='CONTROLLER', host='localhost', port=9093, securityProtocol=0)], features=[Feature(name='kraft.version', minSupportedVersion=0, maxSupportedVersion=1), Feature(name='metadata.version', minSupportedVersion=1, maxSupportedVersion=21)]) (kafka.server.ControllerRegistrationManager)
[2026-05-09 08:00:30,666] INFO [ControllerServer id=1] Finished waiting for all of the authorizer futures to be completed (kafka.server.ControllerServer)
[2026-05-09 08:00:30,668] INFO [ControllerServer id=1] Waiting for all of the SocketServer Acceptors to be started (kafka.server.ControllerServer)
[2026-05-09 08:00:30,669] INFO [ControllerServer id=1] Finished waiting for all of the SocketServer Acceptors to be started (kafka.server.ControllerServer)
[2026-05-09 08:00:30,671] INFO [BrokerServer id=1] Transition from SHUTDOWN to STARTING (kafka.server.BrokerServer)
[2026-05-09 08:00:30,678] INFO [BrokerServer id=1] Starting broker (kafka.server.BrokerServer)
[2026-05-09 08:00:30,741] INFO [broker-1-ThrottledChannelReaper-Produce]: Starting (kafka.server.ClientQuotaManager$ThrottledChannelReaper)
[2026-05-09 08:00:30,747] INFO [broker-1-ThrottledChannelReaper-ControllerMutation]: Starting (kafka.server.ClientQuotaManager$ThrottledChannelReaper)
[2026-05-09 08:00:30,746] INFO [broker-1-ThrottledChannelReaper-Request]: Starting (kafka.server.ClientQuotaManager$ThrottledChannelReaper)
[2026-05-09 08:00:30,743] INFO [broker-1-ThrottledChannelReaper-Fetch]: Starting (kafka.server.ClientQuotaManager$ThrottledChannelReaper)
[2026-05-09 08:00:30,806] INFO [BrokerServer id=1] Waiting for controller quorum voters future (kafka.server.BrokerServer)
[2026-05-09 08:00:30,819] INFO [BrokerServer id=1] Finished waiting for controller quorum voters future (kafka.server.BrokerServer)
[2026-05-09 08:00:30,877] INFO [broker-1-to-controller-forwarding-channel-manager]: Starting (kafka.server.NodeToControllerRequestThread)
[2026-05-09 08:00:30,885] INFO [broker-1-to-controller-forwarding-channel-manager]: Recorded new KRaft controller, from now on will use node localhost:9093 (id: 1 rack: null) (kafka.server.NodeToControllerRequestThread)
[2026-05-09 08:00:30,917] INFO [client-metrics-reaper]: Starting (org.apache.kafka.server.util.timer.SystemTimerReaper$Reaper)
[2026-05-09 08:00:30,940] INFO [ControllerRegistrationManager id=1 incarnation=Swby7gRHQVKX0Oda2FmZQA] Our registration has been persisted to the metadata log. (kafka.server.ControllerRegistrationManager)
[2026-05-09 08:00:30,946] INFO [ControllerRegistrationManager id=1 incarnation=Swby7gRHQVKX0Oda2FmZQA] RegistrationResponseHandler: controller acknowledged ControllerRegistrationRequest. (kafka.server.ControllerRegistrationManager)
[2026-05-09 08:00:31,012] INFO Updated connection-accept-rate max connection creation rate to 2147483647 (kafka.network.ConnectionQuotas)
[2026-05-09 08:00:31,031] INFO [SocketServer listenerType=BROKER, nodeId=1] Created data-plane acceptor and processors for endpoint : ListenerName(PLAINTEXT) (kafka.network.SocketServer)
[2026-05-09 08:00:31,047] INFO [broker-1-to-controller-alter-partition-channel-manager]: Starting (kafka.server.NodeToControllerRequestThread)
[2026-05-09 08:00:31,052] INFO [broker-1-to-controller-alter-partition-channel-manager]: Recorded new KRaft controller, from now on will use node localhost:9093 (id: 1 rack: null) (kafka.server.NodeToControllerRequestThread)
[2026-05-09 08:00:31,070] INFO [broker-1-to-controller-directory-assignments-channel-manager]: Starting (kafka.server.NodeToControllerRequestThread)
[2026-05-09 08:00:31,070] INFO [broker-1-to-controller-directory-assignments-channel-manager]: Recorded new KRaft controller, from now on will use node localhost:9093 (id: 1 rack: null) (kafka.server.NodeToControllerRequestThread)
[2026-05-09 08:00:31,101] INFO [ExpirationReaper-1-Fetch]: Starting (kafka.server.DelayedOperationPurgatory$ExpiredOperationReaper)
[2026-05-09 08:00:31,103] INFO [ExpirationReaper-1-ElectLeader]: Starting (kafka.server.DelayedOperationPurgatory$ExpiredOperationReaper)
[2026-05-09 08:00:31,103] INFO [ExpirationReaper-1-DeleteRecords]: Starting (kafka.server.DelayedOperationPurgatory$ExpiredOperationReaper)
[2026-05-09 08:00:31,101] INFO [ExpirationReaper-1-Produce]: Starting (kafka.server.DelayedOperationPurgatory$ExpiredOperationReaper)
[2026-05-09 08:00:31,104] INFO [ExpirationReaper-1-RemoteFetch]: Starting (kafka.server.DelayedOperationPurgatory$ExpiredOperationReaper)
[2026-05-09 08:00:31,150] INFO [ExpirationReaper-1-Heartbeat]: Starting (kafka.server.DelayedOperationPurgatory$ExpiredOperationReaper)
[2026-05-09 08:00:31,150] INFO [ExpirationReaper-1-Rebalance]: Starting (kafka.server.DelayedOperationPurgatory$ExpiredOperationReaper)
[2026-05-09 08:00:31,231] INFO Unable to read the broker epoch in C:\kafka\tmp\kraft-combined-logs. (kafka.log.LogManager)
[2026-05-09 08:00:31,233] INFO [broker-1-to-controller-heartbeat-channel-manager]: Starting (kafka.server.NodeToControllerRequestThread)
[2026-05-09 08:00:31,234] INFO [broker-1-to-controller-heartbeat-channel-manager]: Recorded new KRaft controller, from now on will use node localhost:9093 (id: 1 rack: null) (kafka.server.NodeToControllerRequestThread)
[2026-05-09 08:00:31,242] INFO [BrokerLifecycleManager id=1] Incarnation U0qUPol2TLmSUETNYTexnw of broker 1 in cluster E5z9X_QARsegtAvZadKPVQ is now STARTING. (kafka.server.BrokerLifecycleManager)
[2026-05-09 08:00:31,265] INFO [BrokerLifecycleManager id=1] Unable to register broker 1 because the controller returned error DUPLICATE_BROKER_REGISTRATION (kafka.server.BrokerLifecycleManager)
[2026-05-09 08:00:31,284] INFO [ExpirationReaper-1-AlterAcls]: Starting (kafka.server.DelayedOperationPurgatory$ExpiredOperationReaper)
[2026-05-09 08:00:31,326] INFO [BrokerServer id=1] Waiting for the broker metadata publishers to be installed (kafka.server.BrokerServer)
[2026-05-09 08:00:31,329] INFO [BrokerServer id=1] Finished waiting for the broker metadata publishers to be installed (kafka.server.BrokerServer)
[2026-05-09 08:00:31,329] INFO [BrokerServer id=1] Waiting for the controller to acknowledge that we are caught up (kafka.server.BrokerServer)
[2026-05-09 08:00:31,329] INFO [MetadataLoader id=1] InitializeNewPublishers: initializing MetadataVersionPublisher(id=1) with a snapshot at offset 21442 (org.apache.kafka.image.loader.MetadataLoader)
[2026-05-09 08:00:31,329] INFO [MetadataLoader id=1] InitializeNewPublishers: initializing BrokerMetadataPublisher with a snapshot at offset 21442 (org.apache.kafka.image.loader.MetadataLoader)
[2026-05-09 08:00:31,329] INFO [BrokerMetadataPublisher id=1] Publishing initial metadata at offset OffsetAndEpoch(offset=21442, epoch=5) with metadata.version 3.9-IV0. (kafka.server.metadata.BrokerMetadataPublisher)
[2026-05-09 08:00:31,335] INFO Loading logs from log dirs ArrayBuffer(C:\kafka\tmp\kraft-combined-logs) (kafka.log.LogManager)
[2026-05-09 08:00:31,375] INFO Recovering 53 logs from C:\kafka\tmp\kraft-combined-logs since no clean shutdown file was found (kafka.log.LogManager)
[2026-05-09 08:00:31,427] INFO [LogLoader partition=orders-0, dir=C:\kafka\tmp\kraft-combined-logs] Recovering unflushed segment 0. 0/1 recovered for orders-0. (kafka.log.LogLoader)
[2026-05-09 08:00:31,429] INFO [LogLoader partition=orders-0, dir=C:\kafka\tmp\kraft-combined-logs] Loading producer state till offset 0 with message format version 2 (kafka.log.UnifiedLog$)
[2026-05-09 08:00:31,429] INFO [LogLoader partition=orders-0, dir=C:\kafka\tmp\kraft-combined-logs] Reloading from producer snapshot and rebuilding producer state from offset 0 (kafka.log.UnifiedLog$)
[2026-05-09 08:00:31,430] INFO Deleted producer state snapshot C:\kafka\tmp\kraft-combined-logs\orders-0\00000000000000002191.snapshot (org.apache.kafka.storage.internals.log.SnapshotFile)
[2026-05-09 08:00:31,430] INFO [LogLoader partition=orders-0, dir=C:\kafka\tmp\kraft-combined-logs] Producer state recovery took 1ms for snapshot load and 0ms for segment recovery from offset 0 (kafka.log.UnifiedLog$)
[2026-05-09 08:00:31,479] INFO [ProducerStateManager partition=orders-0] Wrote producer snapshot at offset 2643 with 0 producer ids in 3 ms. (org.apache.kafka.storage.internals.log.ProducerStateManager)
[2026-05-09 08:00:31,484] INFO [LogLoader partition=orders-0, dir=C:\kafka\tmp\kraft-combined-logs] Loading producer state till offset 2643 with message format version 2 (kafka.log.UnifiedLog$)
[2026-05-09 08:00:31,484] INFO [LogLoader partition=orders-0, dir=C:\kafka\tmp\kraft-combined-logs] Reloading from producer snapshot and rebuilding producer state from offset 2643 (kafka.log.UnifiedLog$)
[2026-05-09 08:00:31,484] INFO [ProducerStateManager partition=orders-0] Loading producer state from snapshot file 'SnapshotFile(offset=2643, file=C:\kafka\tmp\kraft-combined-logs\orders-0\00000000000000002643.snapshot)' (org.apache.kafka.storage.internals.log.ProducerStateManager)
[2026-05-09 08:00:31,487] INFO [LogLoader partition=orders-0, dir=C:\kafka\tmp\kraft-combined-logs] Producer state recovery took 3ms for snapshot load and 0ms for segment recovery from offset 2643 (kafka.log.UnifiedLog$)
[2026-05-09 08:00:31,499] INFO Completed load of Log(dir=C:\kafka\tmp\kraft-combined-logs\orders-0, topicId=WF0iuk0iTDGEkWp4RBMhyw, topic=orders, partition=0, highWatermark=0, lastStableOffset=0, logStartOffset=0, logEndOffset=2643) with 1 segments, local-log-start-offset 0 and log-end-offset 2643 in 104ms (1/53 completed in C:\kafka\tmp\kraft-combined-logs) (kafka.log.LogManager)
[2026-05-09 08:00:31,527] INFO [LogLoader partition=test-0, dir=C:\kafka\tmp\kraft-combined-logs] Recovering unflushed segment 0. 0/1 recovered for test-0. (kafka.log.LogLoader)
[2026-05-09 08:00:31,531] INFO [LogLoader partition=test-0, dir=C:\kafka\tmp\kraft-combined-logs] Loading producer state till offset 0 with message format version 2 (kafka.log.UnifiedLog$)
[2026-05-09 08:00:31,531] INFO [LogLoader partition=test-0, dir=C:\kafka\tmp\kraft-combined-logs] Reloading from producer snapshot and rebuilding producer state from offset 0 (kafka.log.UnifiedLog$)
[2026-05-09 08:00:31,531] INFO Deleted producer state snapshot C:\kafka\tmp\kraft-combined-logs\test-0\00000000000000000002.snapshot (org.apache.kafka.storage.internals.log.SnapshotFile)
[2026-05-09 08:00:31,531] INFO [LogLoader partition=test-0, dir=C:\kafka\tmp\kraft-combined-logs] Producer state recovery took 0ms for snapshot load and 0ms for segment recovery from offset 0 (kafka.log.UnifiedLog$)
[2026-05-09 08:00:31,547] INFO [ProducerStateManager partition=test-0] Wrote producer snapshot at offset 3 with 3 producer ids in 3 ms. (org.apache.kafka.storage.internals.log.ProducerStateManager)
[2026-05-09 08:00:31,550] INFO [LogLoader partition=test-0, dir=C:\kafka\tmp\kraft-combined-logs] Loading producer state till offset 3 with message format version 2 (kafka.log.UnifiedLog$)
[2026-05-09 08:00:31,550] INFO [LogLoader partition=test-0, dir=C:\kafka\tmp\kraft-combined-logs] Reloading from producer snapshot and rebuilding producer state from offset 3 (kafka.log.UnifiedLog$)
[2026-05-09 08:00:31,550] INFO [ProducerStateManager partition=test-0] Loading producer state from snapshot file 'SnapshotFile(offset=3, file=C:\kafka\tmp\kraft-combined-logs\test-0\00000000000000000003.snapshot)' (org.apache.kafka.storage.internals.log.ProducerStateManager)
[2026-05-09 08:00:31,565] INFO [LogLoader partition=test-0, dir=C:\kafka\tmp\kraft-combined-logs] Producer state recovery took 15ms for snapshot load and 0ms for segment recovery from offset 3 (kafka.log.UnifiedLog$)
[2026-05-09 08:00:31,567] INFO Completed load of Log(dir=C:\kafka\tmp\kraft-combined-logs\test-0, topicId=zYtdNy5PR8aAqhwmnp5BlA, topic=test, partition=0, highWatermark=0, lastStableOffset=0, logStartOffset=0, logEndOffset=3) with 1 segments, local-log-start-offset 0 and log-end-offset 3 in 68ms (2/53 completed in C:\kafka\tmp\kraft-combined-logs) (kafka.log.LogManager)
[2026-05-09 08:00:31,580] INFO [LogLoader partition=test1-0, dir=C:\kafka\tmp\kraft-combined-logs] Recovering unflushed segment 0. 0/1 recovered for test1-0. (kafka.log.LogLoader)
[2026-05-09 08:00:31,581] INFO [LogLoader partition=test1-0, dir=C:\kafka\tmp\kraft-combined-logs] Loading producer state till offset 0 with message format version 2 (kafka.log.UnifiedLog$)
[2026-05-09 08:00:31,581] INFO [LogLoader partition=test1-0, dir=C:\kafka\tmp\kraft-combined-logs] Reloading from producer snapshot and rebuilding producer state from offset 0 (kafka.log.UnifiedLog$)
[2026-05-09 08:00:31,582] INFO [LogLoader partition=test1-0, dir=C:\kafka\tmp\kraft-combined-logs] Producer state recovery took 0ms for snapshot load and 1ms for segment recovery from offset 0 (kafka.log.UnifiedLog$)
[2026-05-09 08:00:31,587] INFO [LogLoader partition=test1-0, dir=C:\kafka\tmp\kraft-combined-logs] Loading producer state till offset 0 with message format version 2 (kafka.log.UnifiedLog$)
[2026-05-09 08:00:31,593] INFO [LogLoader partition=test1-0, dir=C:\kafka\tmp\kraft-combined-logs] Reloading from producer snapshot and rebuilding producer state from offset 0 (kafka.log.UnifiedLog$)
[2026-05-09 08:00:31,595] INFO [LogLoader partition=test1-0, dir=C:\kafka\tmp\kraft-combined-logs] Producer state recovery took 0ms for snapshot load and 0ms for segment recovery from offset 0 (kafka.log.UnifiedLog$)
[2026-05-09 08:00:31,597] INFO Completed load of Log(dir=C:\kafka\tmp\kraft-combined-logs\test1-0, topicId=5UN4y879QKa6xjUCTE1Sxg, topic=test1, partition=0, highWatermark=0, lastStableOffset=0, logStartOffset=0, logEndOffset=0) with 1 segments, local-log-start-offset 0 and log-end-offset 0 in 30ms (3/53 completed in C:\kafka\tmp\kraft-combined-logs) (kafka.log.LogManager)
[2026-05-09 08:00:31,621] INFO [LogLoader partition=__consumer_offsets-0, dir=C:\kafka\tmp\kraft-combined-logs] Recovering unflushed segment 0. 0/1 recovered for __consumer_offsets-0. (kafka.log.LogLoader)
[2026-05-09 08:00:31,623] INFO [LogLoader partition=__consumer_offsets-0, dir=C:\kafka\tmp\kraft-combined-logs] Loading producer state till offset 0 with message format version 2 (kafka.log.UnifiedLog$)
[2026-05-09 08:00:31,623] INFO [LogLoader partition=__consumer_offsets-0, dir=C:\kafka\tmp\kraft-combined-logs] Reloading from producer snapshot and rebuilding producer state from offset 0 (kafka.log.UnifiedLog$)
[2026-05-09 08:00:31,623] INFO [LogLoader partition=__consumer_offsets-0, dir=C:\kafka\tmp\kraft-combined-logs] Producer state recovery took 0ms for snapshot load and 0ms for segment recovery from offset 0 (kafka.log.UnifiedLog$)
[2026-05-09 08:00:31,638] INFO [LogLoader partition=__consumer_offsets-0, dir=C:\kafka\tmp\kraft-combined-logs] Loading producer state till offset 0 with message format version 2 (kafka.log.UnifiedLog$)
[2026-05-09 08:00:31,640] INFO [LogLoader partition=__consumer_offsets-0, dir=C:\kafka\tmp\kraft-combined-logs] Reloading from producer snapshot and rebuilding producer state from offset 0 (kafka.log.UnifiedLog$)
[2026-05-09 08:00:31,644] INFO [LogLoader partition=__consumer_offsets-0, dir=C:\kafka\tmp\kraft-combined-logs] Producer state recovery took 0ms for snapshot load and 0ms for segment recovery from offset 0 (kafka.log.UnifiedLog$)
[2026-05-09 08:00:31,649] INFO Completed load of Log(dir=C:\kafka\tmp\kraft-combined-logs\__consumer_offsets-0, topicId=xCYndldWSI-roGJw_U6Vpw, topic=__consumer_offsets, partition=0, highWatermark=0, lastStableOffset=0, logStartOffset=0, logEndOffset=0) with 1 segments, local-log-start-offset 0 and log-end-offset 0 in 51ms (4/53 completed in C:\kafka\tmp\kraft-combined-logs) (kafka.log.LogManager)
[2026-05-09 08:00:31,665] INFO [LogLoader partition=__consumer_offsets-1, dir=C:\kafka\tmp\kraft-combined-logs] Recovering unflushed segment 0. 0/1 recovered for __consumer_offsets-1. (kafka.log.LogLoader)
[2026-05-09 08:00:31,667] INFO [LogLoader partition=__consumer_offsets-1, dir=C:\kafka\tmp\kraft-combined-logs] Loading producer state till offset 0 with message format version 2 (kafka.log.UnifiedLog$)
[2026-05-09 08:00:31,667] INFO [LogLoader partition=__consumer_offsets-1, dir=C:\kafka\tmp\kraft-combined-logs] Reloading from producer snapshot and rebuilding producer state from offset 0 (kafka.log.UnifiedLog$)
[2026-05-09 08:00:31,668] INFO [LogLoader partition=__consumer_offsets-1, dir=C:\kafka\tmp\kraft-combined-logs] Producer state recovery took 0ms for snapshot load and 0ms for segment recovery from offset 0 (kafka.log.UnifiedLog$)
[2026-05-09 08:00:31,683] INFO [LogLoader partition=__consumer_offsets-1, dir=C:\kafka\tmp\kraft-combined-logs] Loading producer state till offset 0 with message format version 2 (kafka.log.UnifiedLog$)
[2026-05-09 08:00:31,684] INFO [LogLoader partition=__consumer_offsets-1, dir=C:\kafka\tmp\kraft-combined-logs] Reloading from producer snapshot and rebuilding producer state from offset 0 (kafka.log.UnifiedLog$)
[2026-05-09 08:00:31,684] INFO [LogLoader partition=__consumer_offsets-1, dir=C:\kafka\tmp\kraft-combined-logs] Producer state recovery took 0ms for snapshot load and 0ms for segment recovery from offset 0 (kafka.log.UnifiedLog$)
[2026-05-09 08:00:31,686] INFO Completed load of Log(dir=C:\kafka\tmp\kraft-combined-logs\__consumer_offsets-1, topicId=xCYndldWSI-roGJw_U6Vpw, topic=__consumer_offsets, partition=1, highWatermark=0, lastStableOffset=0, logStartOffset=0, logEndOffset=0) with 1 segments, local-log-start-offset 0 and log-end-offset 0 in 38ms (5/53 completed in C:\kafka\tmp\kraft-combined-logs) (kafka.log.LogManager)
[2026-05-09 08:00:31,703] INFO [LogLoader partition=__consumer_offsets-10, dir=C:\kafka\tmp\kraft-combined-logs] Recovering unflushed segment 0. 0/1 recovered for __consumer_offsets-10. (kafka.log.LogLoader)
[2026-05-09 08:00:31,703] INFO [LogLoader partition=__consumer_offsets-10, dir=C:\kafka\tmp\kraft-combined-logs] Loading producer state till offset 0 with message format version 2 (kafka.log.UnifiedLog$)
[2026-05-09 08:00:31,703] INFO [LogLoader partition=__consumer_offsets-10, dir=C:\kafka\tmp\kraft-combined-logs] Reloading from producer snapshot and rebuilding producer state from offset 0 (kafka.log.UnifiedLog$)
[2026-05-09 08:00:31,703] INFO [LogLoader partition=__consumer_offsets-10, dir=C:\kafka\tmp\kraft-combined-logs] Producer state recovery took 0ms for snapshot load and 0ms for segment recovery from offset 0 (kafka.log.UnifiedLog$)
[2026-05-09 08:00:31,723] INFO [LogLoader partition=__consumer_offsets-10, dir=C:\kafka\tmp\kraft-combined-logs] Loading producer state till offset 0 with message format version 2 (kafka.log.UnifiedLog$)
[2026-05-09 08:00:31,726] INFO [LogLoader partition=__consumer_offsets-10, dir=C:\kafka\tmp\kraft-combined-logs] Reloading from producer snapshot and rebuilding producer state from offset 0 (kafka.log.UnifiedLog$)
[2026-05-09 08:00:31,727] INFO [LogLoader partition=__consumer_offsets-10, dir=C:\kafka\tmp\kraft-combined-logs] Producer state recovery took 0ms for snapshot load and 1ms for segment recovery from offset 0 (kafka.log.UnifiedLog$)
[2026-05-09 08:00:31,729] INFO Completed load of Log(dir=C:\kafka\tmp\kraft-combined-logs\__consumer_offsets-10, topicId=xCYndldWSI-roGJw_U6Vpw, topic=__consumer_offsets, partition=10, highWatermark=0, lastStableOffset=0, logStartOffset=0, logEndOffset=0) with 1 segments, local-log-start-offset 0 and log-end-offset 0 in 41ms (6/53 completed in C:\kafka\tmp\kraft-combined-logs) (kafka.log.LogManager)
[2026-05-09 08:00:31,743] INFO [LogLoader partition=__consumer_offsets-11, dir=C:\kafka\tmp\kraft-combined-logs] Recovering unflushed segment 0. 0/1 recovered for __consumer_offsets-11. (kafka.log.LogLoader)
[2026-05-09 08:00:31,746] INFO [LogLoader partition=__consumer_offsets-11, dir=C:\kafka\tmp\kraft-combined-logs] Loading producer state till offset 0 with message format version 2 (kafka.log.UnifiedLog$)
[2026-05-09 08:00:31,746] INFO [LogLoader partition=__consumer_offsets-11, dir=C:\kafka\tmp\kraft-combined-logs] Reloading from producer snapshot and rebuilding producer state from offset 0 (kafka.log.UnifiedLog$)
[2026-05-09 08:00:31,746] INFO [LogLoader partition=__consumer_offsets-11, dir=C:\kafka\tmp\kraft-combined-logs] Producer state recovery took 0ms for snapshot load and 0ms for segment recovery from offset 0 (kafka.log.UnifiedLog$)
[2026-05-09 08:00:31,754] INFO [LogLoader partition=__consumer_offsets-11, dir=C:\kafka\tmp\kraft-combined-logs] Loading producer state till offset 0 with message format version 2 (kafka.log.UnifiedLog$)
[2026-05-09 08:00:31,754] INFO [LogLoader partition=__consumer_offsets-11, dir=C:\kafka\tmp\kraft-combined-logs] Reloading from producer snapshot and rebuilding producer state from offset 0 (kafka.log.UnifiedLog$)
[2026-05-09 08:00:31,754] INFO [LogLoader partition=__consumer_offsets-11, dir=C:\kafka\tmp\kraft-combined-logs] Producer state recovery took 0ms for snapshot load and 0ms for segment recovery from offset 0 (kafka.log.UnifiedLog$)
[2026-05-09 08:00:31,763] INFO Completed load of Log(dir=C:\kafka\tmp\kraft-combined-logs\__consumer_offsets-11, topicId=xCYndldWSI-roGJw_U6Vpw, topic=__consumer_offsets, partition=11, highWatermark=0, lastStableOffset=0, logStartOffset=0, logEndOffset=0) with 1 segments, local-log-start-offset 0 and log-end-offset 0 in 32ms (7/53 completed in C:\kafka\tmp\kraft-combined-logs) (kafka.log.LogManager)
[2026-05-09 08:00:31,786] INFO [LogLoader partition=__consumer_offsets-12, dir=C:\kafka\tmp\kraft-combined-logs] Recovering unflushed segment 0. 0/1 recovered for __consumer_offsets-12. (kafka.log.LogLoader)
[2026-05-09 08:00:31,788] INFO [LogLoader partition=__consumer_offsets-12, dir=C:\kafka\tmp\kraft-combined-logs] Loading producer state till offset 0 with message format version 2 (kafka.log.UnifiedLog$)
[2026-05-09 08:00:31,788] INFO [LogLoader partition=__consumer_offsets-12, dir=C:\kafka\tmp\kraft-combined-logs] Reloading from producer snapshot and rebuilding producer state from offset 0 (kafka.log.UnifiedLog$)
[2026-05-09 08:00:31,788] INFO [LogLoader partition=__consumer_offsets-12, dir=C:\kafka\tmp\kraft-combined-logs] Producer state recovery took 0ms for snapshot load and 0ms for segment recovery from offset 0 (kafka.log.UnifiedLog$)
[2026-05-09 08:00:31,800] INFO [LogLoader partition=__consumer_offsets-12, dir=C:\kafka\tmp\kraft-combined-logs] Loading producer state till offset 0 with message format version 2 (kafka.log.UnifiedLog$)
[2026-05-09 08:00:31,800] INFO [LogLoader partition=__consumer_offsets-12, dir=C:\kafka\tmp\kraft-combined-logs] Reloading from producer snapshot and rebuilding producer state from offset 0 (kafka.log.UnifiedLog$)
[2026-05-09 08:00:31,802] INFO [LogLoader partition=__consumer_offsets-12, dir=C:\kafka\tmp\kraft-combined-logs] Producer state recovery took 0ms for snapshot load and 0ms for segment recovery from offset 0 (kafka.log.UnifiedLog$)
[2026-05-09 08:00:31,804] INFO Completed load of Log(dir=C:\kafka\tmp\kraft-combined-logs\__consumer_offsets-12, topicId=xCYndldWSI-roGJw_U6Vpw, topic=__consumer_offsets, partition=12, highWatermark=0, lastStableOffset=0, logStartOffset=0, logEndOffset=0) with 1 segments, local-log-start-offset 0 and log-end-offset 0 in 35ms (8/53 completed in C:\kafka\tmp\kraft-combined-logs) (kafka.log.LogManager)
[2026-05-09 08:00:31,816] INFO [LogLoader partition=__consumer_offsets-13, dir=C:\kafka\tmp\kraft-combined-logs] Recovering unflushed segment 0. 0/1 recovered for __consumer_offsets-13. (kafka.log.LogLoader)
[2026-05-09 08:00:31,819] INFO [LogLoader partition=__consumer_offsets-13, dir=C:\kafka\tmp\kraft-combined-logs] Loading producer state till offset 0 with message format version 2 (kafka.log.UnifiedLog$)
[2026-05-09 08:00:31,819] INFO [LogLoader partition=__consumer_offsets-13, dir=C:\kafka\tmp\kraft-combined-logs] Reloading from producer snapshot and rebuilding producer state from offset 0 (kafka.log.UnifiedLog$)
[2026-05-09 08:00:31,819] INFO [LogLoader partition=__consumer_offsets-13, dir=C:\kafka\tmp\kraft-combined-logs] Producer state recovery took 0ms for snapshot load and 0ms for segment recovery from offset 0 (kafka.log.UnifiedLog$)
[2026-05-09 08:00:31,833] INFO [LogLoader partition=__consumer_offsets-13, dir=C:\kafka\tmp\kraft-combined-logs] Loading producer state till offset 0 with message format version 2 (kafka.log.UnifiedLog$)
[2026-05-09 08:00:31,833] INFO [LogLoader partition=__consumer_offsets-13, dir=C:\kafka\tmp\kraft-combined-logs] Reloading from producer snapshot and rebuilding producer state from offset 0 (kafka.log.UnifiedLog$)
[2026-05-09 08:00:31,833] INFO [LogLoader partition=__consumer_offsets-13, dir=C:\kafka\tmp\kraft-combined-logs] Producer state recovery took 0ms for snapshot load and 0ms for segment recovery from offset 0 (kafka.log.UnifiedLog$)
[2026-05-09 08:00:31,835] INFO Completed load of Log(dir=C:\kafka\tmp\kraft-combined-logs\__consumer_offsets-13, topicId=xCYndldWSI-roGJw_U6Vpw, topic=__consumer_offsets, partition=13, highWatermark=0, lastStableOffset=0, logStartOffset=0, logEndOffset=0) with 1 segments, local-log-start-offset 0 and log-end-offset 0 in 32ms (9/53 completed in C:\kafka\tmp\kraft-combined-logs) (kafka.log.LogManager)
[2026-05-09 08:00:31,849] INFO [LogLoader partition=__consumer_offsets-14, dir=C:\kafka\tmp\kraft-combined-logs] Recovering unflushed segment 0. 0/1 recovered for __consumer_offsets-14. (kafka.log.LogLoader)
[2026-05-09 08:00:31,849] INFO [LogLoader partition=__consumer_offsets-14, dir=C:\kafka\tmp\kraft-combined-logs] Loading producer state till offset 0 with message format version 2 (kafka.log.UnifiedLog$)
[2026-05-09 08:00:31,849] INFO [LogLoader partition=__consumer_offsets-14, dir=C:\kafka\tmp\kraft-combined-logs] Reloading from producer snapshot and rebuilding producer state from offset 0 (kafka.log.UnifiedLog$)
[2026-05-09 08:00:31,849] INFO [LogLoader partition=__consumer_offsets-14, dir=C:\kafka\tmp\kraft-combined-logs] Producer state recovery took 0ms for snapshot load and 0ms for segment recovery from offset 0 (kafka.log.UnifiedLog$)
[2026-05-09 08:00:31,861] INFO [LogLoader partition=__consumer_offsets-14, dir=C:\kafka\tmp\kraft-combined-logs] Loading producer state till offset 0 with message format version 2 (kafka.log.UnifiedLog$)
[2026-05-09 08:00:31,862] INFO [LogLoader partition=__consumer_offsets-14, dir=C:\kafka\tmp\kraft-combined-logs] Reloading from producer snapshot and rebuilding producer state from offset 0 (kafka.log.UnifiedLog$)
[2026-05-09 08:00:31,862] INFO [LogLoader partition=__consumer_offsets-14, dir=C:\kafka\tmp\kraft-combined-logs] Producer state recovery took 0ms for snapshot load and 0ms for segment recovery from offset 0 (kafka.log.UnifiedLog$)
[2026-05-09 08:00:31,864] INFO Completed load of Log(dir=C:\kafka\tmp\kraft-combined-logs\__consumer_offsets-14, topicId=xCYndldWSI-roGJw_U6Vpw, topic=__consumer_offsets, partition=14, highWatermark=0, lastStableOffset=0, logStartOffset=0, logEndOffset=0) with 1 segments, local-log-start-offset 0 and log-end-offset 0 in 28ms (10/53 completed in C:\kafka\tmp\kraft-combined-logs) (kafka.log.LogManager)
[2026-05-09 08:00:31,879] INFO [LogLoader partition=__consumer_offsets-15, dir=C:\kafka\tmp\kraft-combined-logs] Recovering unflushed segment 0. 0/1 recovered for __consumer_offsets-15. (kafka.log.LogLoader)
[2026-05-09 08:00:31,881] INFO [LogLoader partition=__consumer_offsets-15, dir=C:\kafka\tmp\kraft-combined-logs] Loading producer state till offset 0 with message format version 2 (kafka.log.UnifiedLog$)
[2026-05-09 08:00:31,881] INFO [LogLoader partition=__consumer_offsets-15, dir=C:\kafka\tmp\kraft-combined-logs] Reloading from producer snapshot and rebuilding producer state from offset 0 (kafka.log.UnifiedLog$)
[2026-05-09 08:00:31,882] INFO [LogLoader partition=__consumer_offsets-15, dir=C:\kafka\tmp\kraft-combined-logs] Producer state recovery took 0ms for snapshot load and 1ms for segment recovery from offset 0 (kafka.log.UnifiedLog$)
[2026-05-09 08:00:31,894] INFO [LogLoader partition=__consumer_offsets-15, dir=C:\kafka\tmp\kraft-combined-logs] Loading producer state till offset 0 with message format version 2 (kafka.log.UnifiedLog$)
[2026-05-09 08:00:31,895] INFO [LogLoader partition=__consumer_offsets-15, dir=C:\kafka\tmp\kraft-combined-logs] Reloading from producer snapshot and rebuilding producer state from offset 0 (kafka.log.UnifiedLog$)
[2026-05-09 08:00:31,895] INFO [LogLoader partition=__consumer_offsets-15, dir=C:\kafka\tmp\kraft-combined-logs] Producer state recovery took 0ms for snapshot load and 0ms for segment recovery from offset 0 (kafka.log.UnifiedLog$)
[2026-05-09 08:00:31,897] INFO Completed load of Log(dir=C:\kafka\tmp\kraft-combined-logs\__consumer_offsets-15, topicId=xCYndldWSI-roGJw_U6Vpw, topic=__consumer_offsets, partition=15, highWatermark=0, lastStableOffset=0, logStartOffset=0, logEndOffset=0) with 1 segments, local-log-start-offset 0 and log-end-offset 0 in 33ms (11/53 completed in C:\kafka\tmp\kraft-combined-logs) (kafka.log.LogManager)
[2026-05-09 08:00:31,907] INFO [LogLoader partition=__consumer_offsets-16, dir=C:\kafka\tmp\kraft-combined-logs] Recovering unflushed segment 0. 0/1 recovered for __consumer_offsets-16. (kafka.log.LogLoader)
[2026-05-09 08:00:31,911] INFO [LogLoader partition=__consumer_offsets-16, dir=C:\kafka\tmp\kraft-combined-logs] Loading producer state till offset 0 with message format version 2 (kafka.log.UnifiedLog$)
[2026-05-09 08:00:31,912] INFO [LogLoader partition=__consumer_offsets-16, dir=C:\kafka\tmp\kraft-combined-logs] Reloading from producer snapshot and rebuilding producer state from offset 0 (kafka.log.UnifiedLog$)
[2026-05-09 08:00:31,912] INFO [LogLoader partition=__consumer_offsets-16, dir=C:\kafka\tmp\kraft-combined-logs] Producer state recovery took 0ms for snapshot load and 0ms for segment recovery from offset 0 (kafka.log.UnifiedLog$)
[2026-05-09 08:00:31,921] INFO [LogLoader partition=__consumer_offsets-16, dir=C:\kafka\tmp\kraft-combined-logs] Loading producer state till offset 0 with message format version 2 (kafka.log.UnifiedLog$)
[2026-05-09 08:00:31,921] INFO [LogLoader partition=__consumer_offsets-16, dir=C:\kafka\tmp\kraft-combined-logs] Reloading from producer snapshot and rebuilding producer state from offset 0 (kafka.log.UnifiedLog$)
[2026-05-09 08:00:31,923] INFO [LogLoader partition=__consumer_offsets-16, dir=C:\kafka\tmp\kraft-combined-logs] Producer state recovery took 0ms for snapshot load and 0ms for segment recovery from offset 0 (kafka.log.UnifiedLog$)
[2026-05-09 08:00:31,927] INFO Completed load of Log(dir=C:\kafka\tmp\kraft-combined-logs\__consumer_offsets-16, topicId=xCYndldWSI-roGJw_U6Vpw, topic=__consumer_offsets, partition=16, highWatermark=0, lastStableOffset=0, logStartOffset=0, logEndOffset=0) with 1 segments, local-log-start-offset 0 and log-end-offset 0 in 28ms (12/53 completed in C:\kafka\tmp\kraft-combined-logs) (kafka.log.LogManager)
[2026-05-09 08:00:31,939] INFO [LogLoader partition=__consumer_offsets-17, dir=C:\kafka\tmp\kraft-combined-logs] Recovering unflushed segment 0. 0/1 recovered for __consumer_offsets-17. (kafka.log.LogLoader)
[2026-05-09 08:00:31,942] INFO [LogLoader partition=__consumer_offsets-17, dir=C:\kafka\tmp\kraft-combined-logs] Loading producer state till offset 0 with message format version 2 (kafka.log.UnifiedLog$)
[2026-05-09 08:00:31,944] INFO [LogLoader partition=__consumer_offsets-17, dir=C:\kafka\tmp\kraft-combined-logs] Reloading from producer snapshot and rebuilding producer state from offset 0 (kafka.log.UnifiedLog$)
[2026-05-09 08:00:31,944] INFO [LogLoader partition=__consumer_offsets-17, dir=C:\kafka\tmp\kraft-combined-logs] Producer state recovery took 0ms for snapshot load and 0ms for segment recovery from offset 0 (kafka.log.UnifiedLog$)
[2026-05-09 08:00:31,954] INFO [LogLoader partition=__consumer_offsets-17, dir=C:\kafka\tmp\kraft-combined-logs] Loading producer state till offset 0 with message format version 2 (kafka.log.UnifiedLog$)
[2026-05-09 08:00:31,954] INFO [LogLoader partition=__consumer_offsets-17, dir=C:\kafka\tmp\kraft-combined-logs] Reloading from producer snapshot and rebuilding producer state from offset 0 (kafka.log.UnifiedLog$)
[2026-05-09 08:00:31,954] INFO [LogLoader partition=__consumer_offsets-17, dir=C:\kafka\tmp\kraft-combined-logs] Producer state recovery took 0ms for snapshot load and 0ms for segment recovery from offset 0 (kafka.log.UnifiedLog$)
[2026-05-09 08:00:31,956] INFO Completed load of Log(dir=C:\kafka\tmp\kraft-combined-logs\__consumer_offsets-17, topicId=xCYndldWSI-roGJw_U6Vpw, topic=__consumer_offsets, partition=17, highWatermark=0, lastStableOffset=0, logStartOffset=0, logEndOffset=0) with 1 segments, local-log-start-offset 0 and log-end-offset 0 in 29ms (13/53 completed in C:\kafka\tmp\kraft-combined-logs) (kafka.log.LogManager)
[2026-05-09 08:00:31,967] INFO [LogLoader partition=__consumer_offsets-18, dir=C:\kafka\tmp\kraft-combined-logs] Recovering unflushed segment 0. 0/1 recovered for __consumer_offsets-18. (kafka.log.LogLoader)
[2026-05-09 08:00:31,972] INFO [LogLoader partition=__consumer_offsets-18, dir=C:\kafka\tmp\kraft-combined-logs] Loading producer state till offset 0 with message format version 2 (kafka.log.UnifiedLog$)
[2026-05-09 08:00:31,972] INFO [LogLoader partition=__consumer_offsets-18, dir=C:\kafka\tmp\kraft-combined-logs] Reloading from producer snapshot and rebuilding producer state from offset 0 (kafka.log.UnifiedLog$)
[2026-05-09 08:00:31,973] INFO [LogLoader partition=__consumer_offsets-18, dir=C:\kafka\tmp\kraft-combined-logs] Producer state recovery took 0ms for snapshot load and 1ms for segment recovery from offset 0 (kafka.log.UnifiedLog$)
[2026-05-09 08:00:31,986] INFO [LogLoader partition=__consumer_offsets-18, dir=C:\kafka\tmp\kraft-combined-logs] Loading producer state till offset 0 with message format version 2 (kafka.log.UnifiedLog$)
[2026-05-09 08:00:31,986] INFO [LogLoader partition=__consumer_offsets-18, dir=C:\kafka\tmp\kraft-combined-logs] Reloading from producer snapshot and rebuilding producer state from offset 0 (kafka.log.UnifiedLog$)
[2026-05-09 08:00:31,986] INFO [LogLoader partition=__consumer_offsets-18, dir=C:\kafka\tmp\kraft-combined-logs] Producer state recovery took 0ms for snapshot load and 0ms for segment recovery from offset 0 (kafka.log.UnifiedLog$)
[2026-05-09 08:00:31,989] INFO Completed load of Log(dir=C:\kafka\tmp\kraft-combined-logs\__consumer_offsets-18, topicId=xCYndldWSI-roGJw_U6Vpw, topic=__consumer_offsets, partition=18, highWatermark=0, lastStableOffset=0, logStartOffset=0, logEndOffset=0) with 1 segments, local-log-start-offset 0 and log-end-offset 0 in 31ms (14/53 completed in C:\kafka\tmp\kraft-combined-logs) (kafka.log.LogManager)
[2026-05-09 08:00:32,006] INFO [LogLoader partition=__consumer_offsets-19, dir=C:\kafka\tmp\kraft-combined-logs] Recovering unflushed segment 0. 0/1 recovered for __consumer_offsets-19. (kafka.log.LogLoader)
[2026-05-09 08:00:32,014] INFO [LogLoader partition=__consumer_offsets-19, dir=C:\kafka\tmp\kraft-combined-logs] Loading producer state till offset 0 with message format version 2 (kafka.log.UnifiedLog$)
[2026-05-09 08:00:32,018] INFO [LogLoader partition=__consumer_offsets-19, dir=C:\kafka\tmp\kraft-combined-logs] Reloading from producer snapshot and rebuilding producer state from offset 0 (kafka.log.UnifiedLog$)
[2026-05-09 08:00:32,021] INFO [LogLoader partition=__consumer_offsets-19, dir=C:\kafka\tmp\kraft-combined-logs] Producer state recovery took 1ms for snapshot load and 0ms for segment recovery from offset 0 (kafka.log.UnifiedLog$)
[2026-05-09 08:00:32,042] INFO [LogLoader partition=__consumer_offsets-19, dir=C:\kafka\tmp\kraft-combined-logs] Loading producer state till offset 0 with message format version 2 (kafka.log.UnifiedLog$)
[2026-05-09 08:00:32,045] INFO [LogLoader partition=__consumer_offsets-19, dir=C:\kafka\tmp\kraft-combined-logs] Reloading from producer snapshot and rebuilding producer state from offset 0 (kafka.log.UnifiedLog$)
[2026-05-09 08:00:32,045] INFO [LogLoader partition=__consumer_offsets-19, dir=C:\kafka\tmp\kraft-combined-logs] Producer state recovery took 0ms for snapshot load and 0ms for segment recovery from offset 0 (kafka.log.UnifiedLog$)
[2026-05-09 08:00:32,047] INFO Completed load of Log(dir=C:\kafka\tmp\kraft-combined-logs\__consumer_offsets-19, topicId=xCYndldWSI-roGJw_U6Vpw, topic=__consumer_offsets, partition=19, highWatermark=0, lastStableOffset=0, logStartOffset=0, logEndOffset=0) with 1 segments, local-log-start-offset 0 and log-end-offset 0 in 58ms (15/53 completed in C:\kafka\tmp\kraft-combined-logs) (kafka.log.LogManager)
[2026-05-09 08:00:32,059] INFO [LogLoader partition=__consumer_offsets-2, dir=C:\kafka\tmp\kraft-combined-logs] Recovering unflushed segment 0. 0/1 recovered for __consumer_offsets-2. (kafka.log.LogLoader)
[2026-05-09 08:00:32,062] INFO [LogLoader partition=__consumer_offsets-2, dir=C:\kafka\tmp\kraft-combined-logs] Loading producer state till offset 0 with message format version 2 (kafka.log.UnifiedLog$)
[2026-05-09 08:00:32,062] INFO [LogLoader partition=__consumer_offsets-2, dir=C:\kafka\tmp\kraft-combined-logs] Reloading from producer snapshot and rebuilding producer state from offset 0 (kafka.log.UnifiedLog$)
[2026-05-09 08:00:32,063] INFO Deleted producer state snapshot C:\kafka\tmp\kraft-combined-logs\__consumer_offsets-2\00000000000000000003.snapshot (org.apache.kafka.storage.internals.log.SnapshotFile)
[2026-05-09 08:00:32,063] INFO [LogLoader partition=__consumer_offsets-2, dir=C:\kafka\tmp\kraft-combined-logs] Producer state recovery took 1ms for snapshot load and 0ms for segment recovery from offset 0 (kafka.log.UnifiedLog$)
[2026-05-09 08:00:32,071] INFO [ProducerStateManager partition=__consumer_offsets-2] Wrote producer snapshot at offset 3 with 0 producer ids in 2 ms. (org.apache.kafka.storage.internals.log.ProducerStateManager)
[2026-05-09 08:00:32,079] INFO [LogLoader partition=__consumer_offsets-2, dir=C:\kafka\tmp\kraft-combined-logs] Loading producer state till offset 3 with message format version 2 (kafka.log.UnifiedLog$)
[2026-05-09 08:00:32,079] INFO [LogLoader partition=__consumer_offsets-2, dir=C:\kafka\tmp\kraft-combined-logs] Reloading from producer snapshot and rebuilding producer state from offset 3 (kafka.log.UnifiedLog$)
[2026-05-09 08:00:32,079] INFO [ProducerStateManager partition=__consumer_offsets-2] Loading producer state from snapshot file 'SnapshotFile(offset=3, file=C:\kafka\tmp\kraft-combined-logs\__consumer_offsets-2\00000000000000000003.snapshot)' (org.apache.kafka.storage.internals.log.ProducerStateManager)
[2026-05-09 08:00:32,081] INFO [LogLoader partition=__consumer_offsets-2, dir=C:\kafka\tmp\kraft-combined-logs] Producer state recovery took 2ms for snapshot load and 0ms for segment recovery from offset 3 (kafka.log.UnifiedLog$)
[2026-05-09 08:00:32,083] INFO Completed load of Log(dir=C:\kafka\tmp\kraft-combined-logs\__consumer_offsets-2, topicId=xCYndldWSI-roGJw_U6Vpw, topic=__consumer_offsets, partition=2, highWatermark=0, lastStableOffset=0, logStartOffset=0, logEndOffset=3) with 1 segments, local-log-start-offset 0 and log-end-offset 3 in 35ms (16/53 completed in C:\kafka\tmp\kraft-combined-logs) (kafka.log.LogManager)
[2026-05-09 08:00:32,095] INFO [LogLoader partition=__consumer_offsets-20, dir=C:\kafka\tmp\kraft-combined-logs] Recovering unflushed segment 0. 0/1 recovered for __consumer_offsets-20. (kafka.log.LogLoader)
[2026-05-09 08:00:32,095] INFO [LogLoader partition=__consumer_offsets-20, dir=C:\kafka\tmp\kraft-combined-logs] Loading producer state till offset 0 with message format version 2 (kafka.log.UnifiedLog$)
[2026-05-09 08:00:32,095] INFO [LogLoader partition=__consumer_offsets-20, dir=C:\kafka\tmp\kraft-combined-logs] Reloading from producer snapshot and rebuilding producer state from offset 0 (kafka.log.UnifiedLog$)
[2026-05-09 08:00:32,095] INFO [LogLoader partition=__consumer_offsets-20, dir=C:\kafka\tmp\kraft-combined-logs] Producer state recovery took 0ms for snapshot load and 0ms for segment recovery from offset 0 (kafka.log.UnifiedLog$)
[2026-05-09 08:00:32,105] INFO [LogLoader partition=__consumer_offsets-20, dir=C:\kafka\tmp\kraft-combined-logs] Loading producer state till offset 0 with message format version 2 (kafka.log.UnifiedLog$)
[2026-05-09 08:00:32,110] INFO [LogLoader partition=__consumer_offsets-20, dir=C:\kafka\tmp\kraft-combined-logs] Reloading from producer snapshot and rebuilding producer state from offset 0 (kafka.log.UnifiedLog$)
[2026-05-09 08:00:32,110] INFO [LogLoader partition=__consumer_offsets-20, dir=C:\kafka\tmp\kraft-combined-logs] Producer state recovery took 0ms for snapshot load and 0ms for segment recovery from offset 0 (kafka.log.UnifiedLog$)
[2026-05-09 08:00:32,112] INFO Completed load of Log(dir=C:\kafka\tmp\kraft-combined-logs\__consumer_offsets-20, topicId=xCYndldWSI-roGJw_U6Vpw, topic=__consumer_offsets, partition=20, highWatermark=0, lastStableOffset=0, logStartOffset=0, logEndOffset=0) with 1 segments, local-log-start-offset 0 and log-end-offset 0 in 30ms (17/53 completed in C:\kafka\tmp\kraft-combined-logs) (kafka.log.LogManager)
[2026-05-09 08:00:32,122] INFO [LogLoader partition=__consumer_offsets-21, dir=C:\kafka\tmp\kraft-combined-logs] Recovering unflushed segment 0. 0/1 recovered for __consumer_offsets-21. (kafka.log.LogLoader)
[2026-05-09 08:00:32,125] INFO [LogLoader partition=__consumer_offsets-21, dir=C:\kafka\tmp\kraft-combined-logs] Loading producer state till offset 0 with message format version 2 (kafka.log.UnifiedLog$)
[2026-05-09 08:00:32,125] INFO [LogLoader partition=__consumer_offsets-21, dir=C:\kafka\tmp\kraft-combined-logs] Reloading from producer snapshot and rebuilding producer state from offset 0 (kafka.log.UnifiedLog$)
[2026-05-09 08:00:32,125] INFO [LogLoader partition=__consumer_offsets-21, dir=C:\kafka\tmp\kraft-combined-logs] Producer state recovery took 0ms for snapshot load and 0ms for segment recovery from offset 0 (kafka.log.UnifiedLog$)
[2026-05-09 08:00:32,135] INFO [LogLoader partition=__consumer_offsets-21, dir=C:\kafka\tmp\kraft-combined-logs] Loading producer state till offset 0 with message format version 2 (kafka.log.UnifiedLog$)
[2026-05-09 08:00:32,135] INFO [LogLoader partition=__consumer_offsets-21, dir=C:\kafka\tmp\kraft-combined-logs] Reloading from producer snapshot and rebuilding producer state from offset 0 (kafka.log.UnifiedLog$)
[2026-05-09 08:00:32,135] INFO [LogLoader partition=__consumer_offsets-21, dir=C:\kafka\tmp\kraft-combined-logs] Producer state recovery took 0ms for snapshot load and 0ms for segment recovery from offset 0 (kafka.log.UnifiedLog$)
[2026-05-09 08:00:32,139] INFO Completed load of Log(dir=C:\kafka\tmp\kraft-combined-logs\__consumer_offsets-21, topicId=xCYndldWSI-roGJw_U6Vpw, topic=__consumer_offsets, partition=21, highWatermark=0, lastStableOffset=0, logStartOffset=0, logEndOffset=0) with 1 segments, local-log-start-offset 0 and log-end-offset 0 in 26ms (18/53 completed in C:\kafka\tmp\kraft-combined-logs) (kafka.log.LogManager)
[2026-05-09 08:00:32,151] INFO [LogLoader partition=__consumer_offsets-22, dir=C:\kafka\tmp\kraft-combined-logs] Recovering unflushed segment 0. 0/1 recovered for __consumer_offsets-22. (kafka.log.LogLoader)
[2026-05-09 08:00:32,153] INFO [LogLoader partition=__consumer_offsets-22, dir=C:\kafka\tmp\kraft-combined-logs] Loading producer state till offset 0 with message format version 2 (kafka.log.UnifiedLog$)
[2026-05-09 08:00:32,153] INFO [LogLoader partition=__consumer_offsets-22, dir=C:\kafka\tmp\kraft-combined-logs] Reloading from producer snapshot and rebuilding producer state from offset 0 (kafka.log.UnifiedLog$)
[2026-05-09 08:00:32,153] INFO [LogLoader partition=__consumer_offsets-22, dir=C:\kafka\tmp\kraft-combined-logs] Producer state recovery took 0ms for snapshot load and 0ms for segment recovery from offset 0 (kafka.log.UnifiedLog$)
[2026-05-09 08:00:32,165] INFO [LogLoader partition=__consumer_offsets-22, dir=C:\kafka\tmp\kraft-combined-logs] Loading producer state till offset 0 with message format version 2 (kafka.log.UnifiedLog$)
[2026-05-09 08:00:32,165] INFO [LogLoader partition=__consumer_offsets-22, dir=C:\kafka\tmp\kraft-combined-logs] Reloading from producer snapshot and rebuilding producer state from offset 0 (kafka.log.UnifiedLog$)
[2026-05-09 08:00:32,165] INFO [LogLoader partition=__consumer_offsets-22, dir=C:\kafka\tmp\kraft-combined-logs] Producer state recovery took 0ms for snapshot load and 0ms for segment recovery from offset 0 (kafka.log.UnifiedLog$)
[2026-05-09 08:00:32,168] INFO Completed load of Log(dir=C:\kafka\tmp\kraft-combined-logs\__consumer_offsets-22, topicId=xCYndldWSI-roGJw_U6Vpw, topic=__consumer_offsets, partition=22, highWatermark=0, lastStableOffset=0, logStartOffset=0, logEndOffset=0) with 1 segments, local-log-start-offset 0 and log-end-offset 0 in 29ms (19/53 completed in C:\kafka\tmp\kraft-combined-logs) (kafka.log.LogManager)
[2026-05-09 08:00:32,181] INFO [LogLoader partition=__consumer_offsets-23, dir=C:\kafka\tmp\kraft-combined-logs] Recovering unflushed segment 0. 0/1 recovered for __consumer_offsets-23. (kafka.log.LogLoader)
[2026-05-09 08:00:32,182] INFO [LogLoader partition=__consumer_offsets-23, dir=C:\kafka\tmp\kraft-combined-logs] Loading producer state till offset 0 with message format version 2 (kafka.log.UnifiedLog$)
[2026-05-09 08:00:32,183] INFO [LogLoader partition=__consumer_offsets-23, dir=C:\kafka\tmp\kraft-combined-logs] Reloading from producer snapshot and rebuilding producer state from offset 0 (kafka.log.UnifiedLog$)
[2026-05-09 08:00:32,183] INFO [LogLoader partition=__consumer_offsets-23, dir=C:\kafka\tmp\kraft-combined-logs] Producer state recovery took 0ms for snapshot load and 0ms for segment recovery from offset 0 (kafka.log.UnifiedLog$)
[2026-05-09 08:00:32,196] INFO [LogLoader partition=__consumer_offsets-23, dir=C:\kafka\tmp\kraft-combined-logs] Loading producer state till offset 0 with message format version 2 (kafka.log.UnifiedLog$)
[2026-05-09 08:00:32,196] INFO [LogLoader partition=__consumer_offsets-23, dir=C:\kafka\tmp\kraft-combined-logs] Reloading from producer snapshot and rebuilding producer state from offset 0 (kafka.log.UnifiedLog$)
[2026-05-09 08:00:32,196] INFO [LogLoader partition=__consumer_offsets-23, dir=C:\kafka\tmp\kraft-combined-logs] Producer state recovery took 0ms for snapshot load and 0ms for segment recovery from offset 0 (kafka.log.UnifiedLog$)
[2026-05-09 08:00:32,198] INFO Completed load of Log(dir=C:\kafka\tmp\kraft-combined-logs\__consumer_offsets-23, topicId=xCYndldWSI-roGJw_U6Vpw, topic=__consumer_offsets, partition=23, highWatermark=0, lastStableOffset=0, logStartOffset=0, logEndOffset=0) with 1 segments, local-log-start-offset 0 and log-end-offset 0 in 30ms (20/53 completed in C:\kafka\tmp\kraft-combined-logs) (kafka.log.LogManager)
[2026-05-09 08:00:32,212] INFO [LogLoader partition=__consumer_offsets-24, dir=C:\kafka\tmp\kraft-combined-logs] Recovering unflushed segment 0. 0/1 recovered for __consumer_offsets-24. (kafka.log.LogLoader)
[2026-05-09 08:00:32,213] INFO [LogLoader partition=__consumer_offsets-24, dir=C:\kafka\tmp\kraft-combined-logs] Loading producer state till offset 0 with message format version 2 (kafka.log.UnifiedLog$)
[2026-05-09 08:00:32,213] INFO [LogLoader partition=__consumer_offsets-24, dir=C:\kafka\tmp\kraft-combined-logs] Reloading from producer snapshot and rebuilding producer state from offset 0 (kafka.log.UnifiedLog$)
[2026-05-09 08:00:32,214] INFO [LogLoader partition=__consumer_offsets-24, dir=C:\kafka\tmp\kraft-combined-logs] Producer state recovery took 0ms for snapshot load and 0ms for segment recovery from offset 0 (kafka.log.UnifiedLog$)
[2026-05-09 08:00:32,224] INFO [LogLoader partition=__consumer_offsets-24, dir=C:\kafka\tmp\kraft-combined-logs] Loading producer state till offset 0 with message format version 2 (kafka.log.UnifiedLog$)
[2026-05-09 08:00:32,227] INFO [LogLoader partition=__consumer_offsets-24, dir=C:\kafka\tmp\kraft-combined-logs] Reloading from producer snapshot and rebuilding producer state from offset 0 (kafka.log.UnifiedLog$)
[2026-05-09 08:00:32,228] INFO [LogLoader partition=__consumer_offsets-24, dir=C:\kafka\tmp\kraft-combined-logs] Producer state recovery took 0ms for snapshot load and 0ms for segment recovery from offset 0 (kafka.log.UnifiedLog$)
[2026-05-09 08:00:32,230] INFO Completed load of Log(dir=C:\kafka\tmp\kraft-combined-logs\__consumer_offsets-24, topicId=xCYndldWSI-roGJw_U6Vpw, topic=__consumer_offsets, partition=24, highWatermark=0, lastStableOffset=0, logStartOffset=0, logEndOffset=0) with 1 segments, local-log-start-offset 0 and log-end-offset 0 in 31ms (21/53 completed in C:\kafka\tmp\kraft-combined-logs) (kafka.log.LogManager)
[2026-05-09 08:00:32,239] INFO [LogLoader partition=__consumer_offsets-25, dir=C:\kafka\tmp\kraft-combined-logs] Recovering unflushed segment 0. 0/1 recovered for __consumer_offsets-25. (kafka.log.LogLoader)
[2026-05-09 08:00:32,239] INFO [LogLoader partition=__consumer_offsets-25, dir=C:\kafka\tmp\kraft-combined-logs] Loading producer state till offset 0 with message format version 2 (kafka.log.UnifiedLog$)
[2026-05-09 08:00:32,241] INFO [LogLoader partition=__consumer_offsets-25, dir=C:\kafka\tmp\kraft-combined-logs] Reloading from producer snapshot and rebuilding producer state from offset 0 (kafka.log.UnifiedLog$)
[2026-05-09 08:00:32,242] INFO Deleted producer state snapshot C:\kafka\tmp\kraft-combined-logs\__consumer_offsets-25\00000000000000000007.snapshot (org.apache.kafka.storage.internals.log.SnapshotFile)
[2026-05-09 08:00:32,242] INFO [LogLoader partition=__consumer_offsets-25, dir=C:\kafka\tmp\kraft-combined-logs] Producer state recovery took 0ms for snapshot load and 0ms for segment recovery from offset 0 (kafka.log.UnifiedLog$)
[2026-05-09 08:00:32,250] INFO [ProducerStateManager partition=__consumer_offsets-25] Wrote producer snapshot at offset 7 with 0 producer ids in 2 ms. (org.apache.kafka.storage.internals.log.ProducerStateManager)
[2026-05-09 08:00:32,256] INFO [LogLoader partition=__consumer_offsets-25, dir=C:\kafka\tmp\kraft-combined-logs] Loading producer state till offset 7 with message format version 2 (kafka.log.UnifiedLog$)
[2026-05-09 08:00:32,257] INFO [LogLoader partition=__consumer_offsets-25, dir=C:\kafka\tmp\kraft-combined-logs] Reloading from producer snapshot and rebuilding producer state from offset 7 (kafka.log.UnifiedLog$)
[2026-05-09 08:00:32,257] INFO [ProducerStateManager partition=__consumer_offsets-25] Loading producer state from snapshot file 'SnapshotFile(offset=7, file=C:\kafka\tmp\kraft-combined-logs\__consumer_offsets-25\00000000000000000007.snapshot)' (org.apache.kafka.storage.internals.log.ProducerStateManager)
[2026-05-09 08:00:32,260] INFO [LogLoader partition=__consumer_offsets-25, dir=C:\kafka\tmp\kraft-combined-logs] Producer state recovery took 3ms for snapshot load and 0ms for segment recovery from offset 7 (kafka.log.UnifiedLog$)
[2026-05-09 08:00:32,263] INFO Completed load of Log(dir=C:\kafka\tmp\kraft-combined-logs\__consumer_offsets-25, topicId=xCYndldWSI-roGJw_U6Vpw, topic=__consumer_offsets, partition=25, highWatermark=0, lastStableOffset=0, logStartOffset=0, logEndOffset=7) with 1 segments, local-log-start-offset 0 and log-end-offset 7 in 33ms (22/53 completed in C:\kafka\tmp\kraft-combined-logs) (kafka.log.LogManager)
[2026-05-09 08:00:32,271] INFO [LogLoader partition=__consumer_offsets-26, dir=C:\kafka\tmp\kraft-combined-logs] Recovering unflushed segment 0. 0/1 recovered for __consumer_offsets-26. (kafka.log.LogLoader)
[2026-05-09 08:00:32,273] INFO [LogLoader partition=__consumer_offsets-26, dir=C:\kafka\tmp\kraft-combined-logs] Loading producer state till offset 0 with message format version 2 (kafka.log.UnifiedLog$)
[2026-05-09 08:00:32,273] INFO [LogLoader partition=__consumer_offsets-26, dir=C:\kafka\tmp\kraft-combined-logs] Reloading from producer snapshot and rebuilding producer state from offset 0 (kafka.log.UnifiedLog$)
[2026-05-09 08:00:32,274] INFO [LogLoader partition=__consumer_offsets-26, dir=C:\kafka\tmp\kraft-combined-logs] Producer state recovery took 0ms for snapshot load and 0ms for segment recovery from offset 0 (kafka.log.UnifiedLog$)
[2026-05-09 08:00:32,285] INFO [LogLoader partition=__consumer_offsets-26, dir=C:\kafka\tmp\kraft-combined-logs] Loading producer state till offset 0 with message format version 2 (kafka.log.UnifiedLog$)
[2026-05-09 08:00:32,286] INFO [LogLoader partition=__consumer_offsets-26, dir=C:\kafka\tmp\kraft-combined-logs] Reloading from producer snapshot and rebuilding producer state from offset 0 (kafka.log.UnifiedLog$)
[2026-05-09 08:00:32,286] INFO [LogLoader partition=__consumer_offsets-26, dir=C:\kafka\tmp\kraft-combined-logs] Producer state recovery took 0ms for snapshot load and 0ms for segment recovery from offset 0 (kafka.log.UnifiedLog$)
[2026-05-09 08:00:32,288] INFO Completed load of Log(dir=C:\kafka\tmp\kraft-combined-logs\__consumer_offsets-26, topicId=xCYndldWSI-roGJw_U6Vpw, topic=__consumer_offsets, partition=26, highWatermark=0, lastStableOffset=0, logStartOffset=0, logEndOffset=0) with 1 segments, local-log-start-offset 0 and log-end-offset 0 in 24ms (23/53 completed in C:\kafka\tmp\kraft-combined-logs) (kafka.log.LogManager)
[2026-05-09 08:00:32,299] INFO [LogLoader partition=__consumer_offsets-27, dir=C:\kafka\tmp\kraft-combined-logs] Recovering unflushed segment 0. 0/1 recovered for __consumer_offsets-27. (kafka.log.LogLoader)
[2026-05-09 08:00:32,300] INFO [LogLoader partition=__consumer_offsets-27, dir=C:\kafka\tmp\kraft-combined-logs] Loading producer state till offset 0 with message format version 2 (kafka.log.UnifiedLog$)
[2026-05-09 08:00:32,302] INFO [LogLoader partition=__consumer_offsets-27, dir=C:\kafka\tmp\kraft-combined-logs] Reloading from producer snapshot and rebuilding producer state from offset 0 (kafka.log.UnifiedLog$)
[2026-05-09 08:00:32,302] INFO [LogLoader partition=__consumer_offsets-27, dir=C:\kafka\tmp\kraft-combined-logs] Producer state recovery took 0ms for snapshot load and 0ms for segment recovery from offset 0 (kafka.log.UnifiedLog$)
[2026-05-09 08:00:32,315] INFO [LogLoader partition=__consumer_offsets-27, dir=C:\kafka\tmp\kraft-combined-logs] Loading producer state till offset 0 with message format version 2 (kafka.log.UnifiedLog$)
[2026-05-09 08:00:32,315] INFO [LogLoader partition=__consumer_offsets-27, dir=C:\kafka\tmp\kraft-combined-logs] Reloading from producer snapshot and rebuilding producer state from offset 0 (kafka.log.UnifiedLog$)
[2026-05-09 08:00:32,315] INFO [LogLoader partition=__consumer_offsets-27, dir=C:\kafka\tmp\kraft-combined-logs] Producer state recovery took 0ms for snapshot load and 0ms for segment recovery from offset 0 (kafka.log.UnifiedLog$)
[2026-05-09 08:00:32,316] INFO Completed load of Log(dir=C:\kafka\tmp\kraft-combined-logs\__consumer_offsets-27, topicId=xCYndldWSI-roGJw_U6Vpw, topic=__consumer_offsets, partition=27, highWatermark=0, lastStableOffset=0, logStartOffset=0, logEndOffset=0) with 1 segments, local-log-start-offset 0 and log-end-offset 0 in 29ms (24/53 completed in C:\kafka\tmp\kraft-combined-logs) (kafka.log.LogManager)
[2026-05-09 08:00:32,330] INFO [LogLoader partition=__consumer_offsets-28, dir=C:\kafka\tmp\kraft-combined-logs] Recovering unflushed segment 0. 0/1 recovered for __consumer_offsets-28. (kafka.log.LogLoader)
[2026-05-09 08:00:32,331] INFO [LogLoader partition=__consumer_offsets-28, dir=C:\kafka\tmp\kraft-combined-logs] Loading producer state till offset 0 with message format version 2 (kafka.log.UnifiedLog$)
[2026-05-09 08:00:32,331] INFO [LogLoader partition=__consumer_offsets-28, dir=C:\kafka\tmp\kraft-combined-logs] Reloading from producer snapshot and rebuilding producer state from offset 0 (kafka.log.UnifiedLog$)
[2026-05-09 08:00:32,331] INFO [LogLoader partition=__consumer_offsets-28, dir=C:\kafka\tmp\kraft-combined-logs] Producer state recovery took 0ms for snapshot load and 0ms for segment recovery from offset 0 (kafka.log.UnifiedLog$)
[2026-05-09 08:00:32,341] INFO [LogLoader partition=__consumer_offsets-28, dir=C:\kafka\tmp\kraft-combined-logs] Loading producer state till offset 0 with message format version 2 (kafka.log.UnifiedLog$)
[2026-05-09 08:00:32,343] INFO [LogLoader partition=__consumer_offsets-28, dir=C:\kafka\tmp\kraft-combined-logs] Reloading from producer snapshot and rebuilding producer state from offset 0 (kafka.log.UnifiedLog$)
[2026-05-09 08:00:32,382] INFO [LogLoader partition=__consumer_offsets-28, dir=C:\kafka\tmp\kraft-combined-logs] Producer state recovery took 0ms for snapshot load and 0ms for segment recovery from offset 0 (kafka.log.UnifiedLog$)
[2026-05-09 08:00:32,416] INFO Completed load of Log(dir=C:\kafka\tmp\kraft-combined-logs\__consumer_offsets-28, topicId=xCYndldWSI-roGJw_U6Vpw, topic=__consumer_offsets, partition=28, highWatermark=0, lastStableOffset=0, logStartOffset=0, logEndOffset=0) with 1 segments, local-log-start-offset 0 and log-end-offset 0 in 99ms (25/53 completed in C:\kafka\tmp\kraft-combined-logs) (kafka.log.LogManager)
[2026-05-09 08:00:32,448] INFO [LogLoader partition=__consumer_offsets-29, dir=C:\kafka\tmp\kraft-combined-logs] Recovering unflushed segment 0. 0/1 recovered for __consumer_offsets-29. (kafka.log.LogLoader)
[2026-05-09 08:00:32,450] INFO [LogLoader partition=__consumer_offsets-29, dir=C:\kafka\tmp\kraft-combined-logs] Loading producer state till offset 0 with message format version 2 (kafka.log.UnifiedLog$)
[2026-05-09 08:00:32,450] INFO [LogLoader partition=__consumer_offsets-29, dir=C:\kafka\tmp\kraft-combined-logs] Reloading from producer snapshot and rebuilding producer state from offset 0 (kafka.log.UnifiedLog$)
[2026-05-09 08:00:32,450] INFO [LogLoader partition=__consumer_offsets-29, dir=C:\kafka\tmp\kraft-combined-logs] Producer state recovery took 0ms for snapshot load and 0ms for segment recovery from offset 0 (kafka.log.UnifiedLog$)
[2026-05-09 08:00:32,459] INFO [ProducerStateManager partition=__consumer_offsets-29] Wrote producer snapshot at offset 1 with 0 producer ids in 3 ms. (org.apache.kafka.storage.internals.log.ProducerStateManager)
[2026-05-09 08:00:32,464] INFO [LogLoader partition=__consumer_offsets-29, dir=C:\kafka\tmp\kraft-combined-logs] Loading producer state till offset 1 with message format version 2 (kafka.log.UnifiedLog$)
[2026-05-09 08:00:32,464] INFO [LogLoader partition=__consumer_offsets-29, dir=C:\kafka\tmp\kraft-combined-logs] Reloading from producer snapshot and rebuilding producer state from offset 1 (kafka.log.UnifiedLog$)
[2026-05-09 08:00:32,464] INFO [ProducerStateManager partition=__consumer_offsets-29] Loading producer state from snapshot file 'SnapshotFile(offset=1, file=C:\kafka\tmp\kraft-combined-logs\__consumer_offsets-29\00000000000000000001.snapshot)' (org.apache.kafka.storage.internals.log.ProducerStateManager)
[2026-05-09 08:00:32,468] INFO [LogLoader partition=__consumer_offsets-29, dir=C:\kafka\tmp\kraft-combined-logs] Producer state recovery took 3ms for snapshot load and 1ms for segment recovery from offset 1 (kafka.log.UnifiedLog$)
[2026-05-09 08:00:32,469] INFO Completed load of Log(dir=C:\kafka\tmp\kraft-combined-logs\__consumer_offsets-29, topicId=xCYndldWSI-roGJw_U6Vpw, topic=__consumer_offsets, partition=29, highWatermark=0, lastStableOffset=0, logStartOffset=0, logEndOffset=1) with 1 segments, local-log-start-offset 0 and log-end-offset 1 in 52ms (26/53 completed in C:\kafka\tmp\kraft-combined-logs) (kafka.log.LogManager)
[2026-05-09 08:00:32,491] INFO [LogLoader partition=__consumer_offsets-3, dir=C:\kafka\tmp\kraft-combined-logs] Recovering unflushed segment 0. 0/1 recovered for __consumer_offsets-3. (kafka.log.LogLoader)
[2026-05-09 08:00:32,493] INFO [LogLoader partition=__consumer_offsets-3, dir=C:\kafka\tmp\kraft-combined-logs] Loading producer state till offset 0 with message format version 2 (kafka.log.UnifiedLog$)
[2026-05-09 08:00:32,493] INFO [LogLoader partition=__consumer_offsets-3, dir=C:\kafka\tmp\kraft-combined-logs] Reloading from producer snapshot and rebuilding producer state from offset 0 (kafka.log.UnifiedLog$)
[2026-05-09 08:00:32,493] INFO [LogLoader partition=__consumer_offsets-3, dir=C:\kafka\tmp\kraft-combined-logs] Producer state recovery took 0ms for snapshot load and 0ms for segment recovery from offset 0 (kafka.log.UnifiedLog$)
[2026-05-09 08:00:32,501] INFO [ProducerStateManager partition=__consumer_offsets-3] Wrote producer snapshot at offset 3 with 0 producer ids in 3 ms. (org.apache.kafka.storage.internals.log.ProducerStateManager)
[2026-05-09 08:00:32,506] INFO [LogLoader partition=__consumer_offsets-3, dir=C:\kafka\tmp\kraft-combined-logs] Loading producer state till offset 3 with message format version 2 (kafka.log.UnifiedLog$)
[2026-05-09 08:00:32,506] INFO [LogLoader partition=__consumer_offsets-3, dir=C:\kafka\tmp\kraft-combined-logs] Reloading from producer snapshot and rebuilding producer state from offset 3 (kafka.log.UnifiedLog$)
[2026-05-09 08:00:32,506] INFO [ProducerStateManager partition=__consumer_offsets-3] Loading producer state from snapshot file 'SnapshotFile(offset=3, file=C:\kafka\tmp\kraft-combined-logs\__consumer_offsets-3\00000000000000000003.snapshot)' (org.apache.kafka.storage.internals.log.ProducerStateManager)
[2026-05-09 08:00:32,510] INFO [LogLoader partition=__consumer_offsets-3, dir=C:\kafka\tmp\kraft-combined-logs] Producer state recovery took 4ms for snapshot load and 0ms for segment recovery from offset 3 (kafka.log.UnifiedLog$)
[2026-05-09 08:00:32,512] INFO Completed load of Log(dir=C:\kafka\tmp\kraft-combined-logs\__consumer_offsets-3, topicId=xCYndldWSI-roGJw_U6Vpw, topic=__consumer_offsets, partition=3, highWatermark=0, lastStableOffset=0, logStartOffset=0, logEndOffset=3) with 1 segments, local-log-start-offset 0 and log-end-offset 3 in 43ms (27/53 completed in C:\kafka\tmp\kraft-combined-logs) (kafka.log.LogManager)
[2026-05-09 08:00:32,522] INFO [LogLoader partition=__consumer_offsets-30, dir=C:\kafka\tmp\kraft-combined-logs] Recovering unflushed segment 0. 0/1 recovered for __consumer_offsets-30. (kafka.log.LogLoader)
[2026-05-09 08:00:32,524] INFO [LogLoader partition=__consumer_offsets-30, dir=C:\kafka\tmp\kraft-combined-logs] Loading producer state till offset 0 with message format version 2 (kafka.log.UnifiedLog$)
[2026-05-09 08:00:32,525] INFO [LogLoader partition=__consumer_offsets-30, dir=C:\kafka\tmp\kraft-combined-logs] Reloading from producer snapshot and rebuilding producer state from offset 0 (kafka.log.UnifiedLog$)
[2026-05-09 08:00:32,525] INFO [LogLoader partition=__consumer_offsets-30, dir=C:\kafka\tmp\kraft-combined-logs] Producer state recovery took 0ms for snapshot load and 0ms for segment recovery from offset 0 (kafka.log.UnifiedLog$)
[2026-05-09 08:00:32,532] INFO [LogLoader partition=__consumer_offsets-30, dir=C:\kafka\tmp\kraft-combined-logs] Loading producer state till offset 0 with message format version 2 (kafka.log.UnifiedLog$)
[2026-05-09 08:00:32,532] INFO [LogLoader partition=__consumer_offsets-30, dir=C:\kafka\tmp\kraft-combined-logs] Reloading from producer snapshot and rebuilding producer state from offset 0 (kafka.log.UnifiedLog$)
[2026-05-09 08:00:32,532] INFO [LogLoader partition=__consumer_offsets-30, dir=C:\kafka\tmp\kraft-combined-logs] Producer state recovery took 0ms for snapshot load and 0ms for segment recovery from offset 0 (kafka.log.UnifiedLog$)
[2026-05-09 08:00:32,537] INFO Completed load of Log(dir=C:\kafka\tmp\kraft-combined-logs\__consumer_offsets-30, topicId=xCYndldWSI-roGJw_U6Vpw, topic=__consumer_offsets, partition=30, highWatermark=0, lastStableOffset=0, logStartOffset=0, logEndOffset=0) with 1 segments, local-log-start-offset 0 and log-end-offset 0 in 24ms (28/53 completed in C:\kafka\tmp\kraft-combined-logs) (kafka.log.LogManager)
[2026-05-09 08:00:32,547] INFO [LogLoader partition=__consumer_offsets-31, dir=C:\kafka\tmp\kraft-combined-logs] Recovering unflushed segment 0. 0/1 recovered for __consumer_offsets-31. (kafka.log.LogLoader)
[2026-05-09 08:00:32,549] INFO [LogLoader partition=__consumer_offsets-31, dir=C:\kafka\tmp\kraft-combined-logs] Loading producer state till offset 0 with message format version 2 (kafka.log.UnifiedLog$)
[2026-05-09 08:00:32,549] INFO [LogLoader partition=__consumer_offsets-31, dir=C:\kafka\tmp\kraft-combined-logs] Reloading from producer snapshot and rebuilding producer state from offset 0 (kafka.log.UnifiedLog$)
[2026-05-09 08:00:32,549] INFO [LogLoader partition=__consumer_offsets-31, dir=C:\kafka\tmp\kraft-combined-logs] Producer state recovery took 0ms for snapshot load and 0ms for segment recovery from offset 0 (kafka.log.UnifiedLog$)
[2026-05-09 08:00:32,557] INFO [LogLoader partition=__consumer_offsets-31, dir=C:\kafka\tmp\kraft-combined-logs] Loading producer state till offset 0 with message format version 2 (kafka.log.UnifiedLog$)
[2026-05-09 08:00:32,558] INFO [LogLoader partition=__consumer_offsets-31, dir=C:\kafka\tmp\kraft-combined-logs] Reloading from producer snapshot and rebuilding producer state from offset 0 (kafka.log.UnifiedLog$)
[2026-05-09 08:00:32,560] INFO [LogLoader partition=__consumer_offsets-31, dir=C:\kafka\tmp\kraft-combined-logs] Producer state recovery took 0ms for snapshot load and 0ms for segment recovery from offset 0 (kafka.log.UnifiedLog$)
[2026-05-09 08:00:32,561] INFO Completed load of Log(dir=C:\kafka\tmp\kraft-combined-logs\__consumer_offsets-31, topicId=xCYndldWSI-roGJw_U6Vpw, topic=__consumer_offsets, partition=31, highWatermark=0, lastStableOffset=0, logStartOffset=0, logEndOffset=0) with 1 segments, local-log-start-offset 0 and log-end-offset 0 in 24ms (29/53 completed in C:\kafka\tmp\kraft-combined-logs) (kafka.log.LogManager)
[2026-05-09 08:00:32,567] INFO [LogLoader partition=__consumer_offsets-32, dir=C:\kafka\tmp\kraft-combined-logs] Recovering unflushed segment 0. 0/1 recovered for __consumer_offsets-32. (kafka.log.LogLoader)
[2026-05-09 08:00:32,567] INFO [LogLoader partition=__consumer_offsets-32, dir=C:\kafka\tmp\kraft-combined-logs] Loading producer state till offset 0 with message format version 2 (kafka.log.UnifiedLog$)
[2026-05-09 08:00:32,567] INFO [LogLoader partition=__consumer_offsets-32, dir=C:\kafka\tmp\kraft-combined-logs] Reloading from producer snapshot and rebuilding producer state from offset 0 (kafka.log.UnifiedLog$)
[2026-05-09 08:00:32,567] INFO [LogLoader partition=__consumer_offsets-32, dir=C:\kafka\tmp\kraft-combined-logs] Producer state recovery took 0ms for snapshot load and 0ms for segment recovery from offset 0 (kafka.log.UnifiedLog$)
[2026-05-09 08:00:32,579] INFO [LogLoader partition=__consumer_offsets-32, dir=C:\kafka\tmp\kraft-combined-logs] Loading producer state till offset 0 with message format version 2 (kafka.log.UnifiedLog$)
[2026-05-09 08:00:32,579] INFO [LogLoader partition=__consumer_offsets-32, dir=C:\kafka\tmp\kraft-combined-logs] Reloading from producer snapshot and rebuilding producer state from offset 0 (kafka.log.UnifiedLog$)
[2026-05-09 08:00:32,579] INFO [LogLoader partition=__consumer_offsets-32, dir=C:\kafka\tmp\kraft-combined-logs] Producer state recovery took 0ms for snapshot load and 0ms for segment recovery from offset 0 (kafka.log.UnifiedLog$)
[2026-05-09 08:00:32,582] INFO Completed load of Log(dir=C:\kafka\tmp\kraft-combined-logs\__consumer_offsets-32, topicId=xCYndldWSI-roGJw_U6Vpw, topic=__consumer_offsets, partition=32, highWatermark=0, lastStableOffset=0, logStartOffset=0, logEndOffset=0) with 1 segments, local-log-start-offset 0 and log-end-offset 0 in 20ms (30/53 completed in C:\kafka\tmp\kraft-combined-logs) (kafka.log.LogManager)
[2026-05-09 08:00:32,588] INFO [LogLoader partition=__consumer_offsets-33, dir=C:\kafka\tmp\kraft-combined-logs] Recovering unflushed segment 0. 0/1 recovered for __consumer_offsets-33. (kafka.log.LogLoader)
[2026-05-09 08:00:32,588] INFO [LogLoader partition=__consumer_offsets-33, dir=C:\kafka\tmp\kraft-combined-logs] Loading producer state till offset 0 with message format version 2 (kafka.log.UnifiedLog$)
[2026-05-09 08:00:32,588] INFO [LogLoader partition=__consumer_offsets-33, dir=C:\kafka\tmp\kraft-combined-logs] Reloading from producer snapshot and rebuilding producer state from offset 0 (kafka.log.UnifiedLog$)
[2026-05-09 08:00:32,588] INFO [LogLoader partition=__consumer_offsets-33, dir=C:\kafka\tmp\kraft-combined-logs] Producer state recovery took 0ms for snapshot load and 0ms for segment recovery from offset 0 (kafka.log.UnifiedLog$)
[2026-05-09 08:00:32,595] INFO [LogLoader partition=__consumer_offsets-33, dir=C:\kafka\tmp\kraft-combined-logs] Loading producer state till offset 0 with message format version 2 (kafka.log.UnifiedLog$)
[2026-05-09 08:00:32,595] INFO [LogLoader partition=__consumer_offsets-33, dir=C:\kafka\tmp\kraft-combined-logs] Reloading from producer snapshot and rebuilding producer state from offset 0 (kafka.log.UnifiedLog$)
[2026-05-09 08:00:32,595] INFO [LogLoader partition=__consumer_offsets-33, dir=C:\kafka\tmp\kraft-combined-logs] Producer state recovery took 0ms for snapshot load and 0ms for segment recovery from offset 0 (kafka.log.UnifiedLog$)
[2026-05-09 08:00:32,600] INFO Completed load of Log(dir=C:\kafka\tmp\kraft-combined-logs\__consumer_offsets-33, topicId=xCYndldWSI-roGJw_U6Vpw, topic=__consumer_offsets, partition=33, highWatermark=0, lastStableOffset=0, logStartOffset=0, logEndOffset=0) with 1 segments, local-log-start-offset 0 and log-end-offset 0 in 18ms (31/53 completed in C:\kafka\tmp\kraft-combined-logs) (kafka.log.LogManager)
[2026-05-09 08:00:32,607] INFO [LogLoader partition=__consumer_offsets-34, dir=C:\kafka\tmp\kraft-combined-logs] Recovering unflushed segment 0. 0/1 recovered for __consumer_offsets-34. (kafka.log.LogLoader)
[2026-05-09 08:00:32,608] INFO [LogLoader partition=__consumer_offsets-34, dir=C:\kafka\tmp\kraft-combined-logs] Loading producer state till offset 0 with message format version 2 (kafka.log.UnifiedLog$)
[2026-05-09 08:00:32,610] INFO [LogLoader partition=__consumer_offsets-34, dir=C:\kafka\tmp\kraft-combined-logs] Reloading from producer snapshot and rebuilding producer state from offset 0 (kafka.log.UnifiedLog$)
[2026-05-09 08:00:32,610] INFO [LogLoader partition=__consumer_offsets-34, dir=C:\kafka\tmp\kraft-combined-logs] Producer state recovery took 0ms for snapshot load and 0ms for segment recovery from offset 0 (kafka.log.UnifiedLog$)
[2026-05-09 08:00:32,616] INFO [LogLoader partition=__consumer_offsets-34, dir=C:\kafka\tmp\kraft-combined-logs] Loading producer state till offset 0 with message format version 2 (kafka.log.UnifiedLog$)
[2026-05-09 08:00:32,616] INFO [LogLoader partition=__consumer_offsets-34, dir=C:\kafka\tmp\kraft-combined-logs] Reloading from producer snapshot and rebuilding producer state from offset 0 (kafka.log.UnifiedLog$)
[2026-05-09 08:00:32,619] INFO [LogLoader partition=__consumer_offsets-34, dir=C:\kafka\tmp\kraft-combined-logs] Producer state recovery took 0ms for snapshot load and 0ms for segment recovery from offset 0 (kafka.log.UnifiedLog$)
[2026-05-09 08:00:32,620] INFO Completed load of Log(dir=C:\kafka\tmp\kraft-combined-logs\__consumer_offsets-34, topicId=xCYndldWSI-roGJw_U6Vpw, topic=__consumer_offsets, partition=34, highWatermark=0, lastStableOffset=0, logStartOffset=0, logEndOffset=0) with 1 segments, local-log-start-offset 0 and log-end-offset 0 in 21ms (32/53 completed in C:\kafka\tmp\kraft-combined-logs) (kafka.log.LogManager)
[2026-05-09 08:00:32,632] INFO [LogLoader partition=__consumer_offsets-35, dir=C:\kafka\tmp\kraft-combined-logs] Recovering unflushed segment 0. 0/1 recovered for __consumer_offsets-35. (kafka.log.LogLoader)
[2026-05-09 08:00:32,632] INFO [LogLoader partition=__consumer_offsets-35, dir=C:\kafka\tmp\kraft-combined-logs] Loading producer state till offset 0 with message format version 2 (kafka.log.UnifiedLog$)
[2026-05-09 08:00:32,632] INFO [LogLoader partition=__consumer_offsets-35, dir=C:\kafka\tmp\kraft-combined-logs] Reloading from producer snapshot and rebuilding producer state from offset 0 (kafka.log.UnifiedLog$)
[2026-05-09 08:00:32,632] INFO [LogLoader partition=__consumer_offsets-35, dir=C:\kafka\tmp\kraft-combined-logs] Producer state recovery took 0ms for snapshot load and 0ms for segment recovery from offset 0 (kafka.log.UnifiedLog$)
[2026-05-09 08:00:32,642] INFO [LogLoader partition=__consumer_offsets-35, dir=C:\kafka\tmp\kraft-combined-logs] Loading producer state till offset 0 with message format version 2 (kafka.log.UnifiedLog$)
[2026-05-09 08:00:32,645] INFO [LogLoader partition=__consumer_offsets-35, dir=C:\kafka\tmp\kraft-combined-logs] Reloading from producer snapshot and rebuilding producer state from offset 0 (kafka.log.UnifiedLog$)
[2026-05-09 08:00:32,645] INFO [LogLoader partition=__consumer_offsets-35, dir=C:\kafka\tmp\kraft-combined-logs] Producer state recovery took 0ms for snapshot load and 0ms for segment recovery from offset 0 (kafka.log.UnifiedLog$)
[2026-05-09 08:00:32,647] INFO Completed load of Log(dir=C:\kafka\tmp\kraft-combined-logs\__consumer_offsets-35, topicId=xCYndldWSI-roGJw_U6Vpw, topic=__consumer_offsets, partition=35, highWatermark=0, lastStableOffset=0, logStartOffset=0, logEndOffset=0) with 1 segments, local-log-start-offset 0 and log-end-offset 0 in 26ms (33/53 completed in C:\kafka\tmp\kraft-combined-logs) (kafka.log.LogManager)
[2026-05-09 08:00:32,654] INFO [LogLoader partition=__consumer_offsets-36, dir=C:\kafka\tmp\kraft-combined-logs] Recovering unflushed segment 0. 0/1 recovered for __consumer_offsets-36. (kafka.log.LogLoader)
[2026-05-09 08:00:32,654] INFO [LogLoader partition=__consumer_offsets-36, dir=C:\kafka\tmp\kraft-combined-logs] Loading producer state till offset 0 with message format version 2 (kafka.log.UnifiedLog$)
[2026-05-09 08:00:32,658] INFO [LogLoader partition=__consumer_offsets-36, dir=C:\kafka\tmp\kraft-combined-logs] Reloading from producer snapshot and rebuilding producer state from offset 0 (kafka.log.UnifiedLog$)
[2026-05-09 08:00:32,658] INFO [LogLoader partition=__consumer_offsets-36, dir=C:\kafka\tmp\kraft-combined-logs] Producer state recovery took 0ms for snapshot load and 0ms for segment recovery from offset 0 (kafka.log.UnifiedLog$)
[2026-05-09 08:00:32,667] INFO [LogLoader partition=__consumer_offsets-36, dir=C:\kafka\tmp\kraft-combined-logs] Loading producer state till offset 0 with message format version 2 (kafka.log.UnifiedLog$)
[2026-05-09 08:00:32,667] INFO [LogLoader partition=__consumer_offsets-36, dir=C:\kafka\tmp\kraft-combined-logs] Reloading from producer snapshot and rebuilding producer state from offset 0 (kafka.log.UnifiedLog$)
[2026-05-09 08:00:32,667] INFO [LogLoader partition=__consumer_offsets-36, dir=C:\kafka\tmp\kraft-combined-logs] Producer state recovery took 0ms for snapshot load and 0ms for segment recovery from offset 0 (kafka.log.UnifiedLog$)
[2026-05-09 08:00:32,671] INFO Completed load of Log(dir=C:\kafka\tmp\kraft-combined-logs\__consumer_offsets-36, topicId=xCYndldWSI-roGJw_U6Vpw, topic=__consumer_offsets, partition=36, highWatermark=0, lastStableOffset=0, logStartOffset=0, logEndOffset=0) with 1 segments, local-log-start-offset 0 and log-end-offset 0 in 23ms (34/53 completed in C:\kafka\tmp\kraft-combined-logs) (kafka.log.LogManager)
[2026-05-09 08:00:32,681] INFO [LogLoader partition=__consumer_offsets-37, dir=C:\kafka\tmp\kraft-combined-logs] Recovering unflushed segment 0. 0/1 recovered for __consumer_offsets-37. (kafka.log.LogLoader)
[2026-05-09 08:00:32,682] INFO [LogLoader partition=__consumer_offsets-37, dir=C:\kafka\tmp\kraft-combined-logs] Loading producer state till offset 0 with message format version 2 (kafka.log.UnifiedLog$)
[2026-05-09 08:00:32,682] INFO [LogLoader partition=__consumer_offsets-37, dir=C:\kafka\tmp\kraft-combined-logs] Reloading from producer snapshot and rebuilding producer state from offset 0 (kafka.log.UnifiedLog$)
[2026-05-09 08:00:32,682] INFO [LogLoader partition=__consumer_offsets-37, dir=C:\kafka\tmp\kraft-combined-logs] Producer state recovery took 0ms for snapshot load and 0ms for segment recovery from offset 0 (kafka.log.UnifiedLog$)
[2026-05-09 08:00:32,691] INFO [LogLoader partition=__consumer_offsets-37, dir=C:\kafka\tmp\kraft-combined-logs] Loading producer state till offset 0 with message format version 2 (kafka.log.UnifiedLog$)
[2026-05-09 08:00:32,694] INFO [LogLoader partition=__consumer_offsets-37, dir=C:\kafka\tmp\kraft-combined-logs] Reloading from producer snapshot and rebuilding producer state from offset 0 (kafka.log.UnifiedLog$)
[2026-05-09 08:00:32,694] INFO [LogLoader partition=__consumer_offsets-37, dir=C:\kafka\tmp\kraft-combined-logs] Producer state recovery took 0ms for snapshot load and 0ms for segment recovery from offset 0 (kafka.log.UnifiedLog$)
[2026-05-09 08:00:32,696] INFO Completed load of Log(dir=C:\kafka\tmp\kraft-combined-logs\__consumer_offsets-37, topicId=xCYndldWSI-roGJw_U6Vpw, topic=__consumer_offsets, partition=37, highWatermark=0, lastStableOffset=0, logStartOffset=0, logEndOffset=0) with 1 segments, local-log-start-offset 0 and log-end-offset 0 in 24ms (35/53 completed in C:\kafka\tmp\kraft-combined-logs) (kafka.log.LogManager)
[2026-05-09 08:00:32,699] INFO [LogLoader partition=__consumer_offsets-38, dir=C:\kafka\tmp\kraft-combined-logs] Recovering unflushed segment 0. 0/1 recovered for __consumer_offsets-38. (kafka.log.LogLoader)
[2026-05-09 08:00:32,699] INFO [LogLoader partition=__consumer_offsets-38, dir=C:\kafka\tmp\kraft-combined-logs] Loading producer state till offset 0 with message format version 2 (kafka.log.UnifiedLog$)
[2026-05-09 08:00:32,706] INFO [LogLoader partition=__consumer_offsets-38, dir=C:\kafka\tmp\kraft-combined-logs] Reloading from producer snapshot and rebuilding producer state from offset 0 (kafka.log.UnifiedLog$)
[2026-05-09 08:00:32,706] INFO [LogLoader partition=__consumer_offsets-38, dir=C:\kafka\tmp\kraft-combined-logs] Producer state recovery took 0ms for snapshot load and 0ms for segment recovery from offset 0 (kafka.log.UnifiedLog$)
[2026-05-09 08:00:32,714] INFO [LogLoader partition=__consumer_offsets-38, dir=C:\kafka\tmp\kraft-combined-logs] Loading producer state till offset 0 with message format version 2 (kafka.log.UnifiedLog$)
[2026-05-09 08:00:32,716] INFO [LogLoader partition=__consumer_offsets-38, dir=C:\kafka\tmp\kraft-combined-logs] Reloading from producer snapshot and rebuilding producer state from offset 0 (kafka.log.UnifiedLog$)
[2026-05-09 08:00:32,716] INFO [LogLoader partition=__consumer_offsets-38, dir=C:\kafka\tmp\kraft-combined-logs] Producer state recovery took 0ms for snapshot load and 0ms for segment recovery from offset 0 (kafka.log.UnifiedLog$)
[2026-05-09 08:00:32,718] INFO Completed load of Log(dir=C:\kafka\tmp\kraft-combined-logs\__consumer_offsets-38, topicId=xCYndldWSI-roGJw_U6Vpw, topic=__consumer_offsets, partition=38, highWatermark=0, lastStableOffset=0, logStartOffset=0, logEndOffset=0) with 1 segments, local-log-start-offset 0 and log-end-offset 0 in 22ms (36/53 completed in C:\kafka\tmp\kraft-combined-logs) (kafka.log.LogManager)
[2026-05-09 08:00:32,732] INFO [LogLoader partition=__consumer_offsets-39, dir=C:\kafka\tmp\kraft-combined-logs] Recovering unflushed segment 0. 0/1 recovered for __consumer_offsets-39. (kafka.log.LogLoader)
[2026-05-09 08:00:32,733] INFO [LogLoader partition=__consumer_offsets-39, dir=C:\kafka\tmp\kraft-combined-logs] Loading producer state till offset 0 with message format version 2 (kafka.log.UnifiedLog$)
[2026-05-09 08:00:32,733] INFO [LogLoader partition=__consumer_offsets-39, dir=C:\kafka\tmp\kraft-combined-logs] Reloading from producer snapshot and rebuilding producer state from offset 0 (kafka.log.UnifiedLog$)
[2026-05-09 08:00:32,734] INFO Deleted producer state snapshot C:\kafka\tmp\kraft-combined-logs\__consumer_offsets-39\00000000000000000003.snapshot (org.apache.kafka.storage.internals.log.SnapshotFile)
[2026-05-09 08:00:32,734] INFO [LogLoader partition=__consumer_offsets-39, dir=C:\kafka\tmp\kraft-combined-logs] Producer state recovery took 1ms for snapshot load and 0ms for segment recovery from offset 0 (kafka.log.UnifiedLog$)
[2026-05-09 08:00:32,740] INFO [ProducerStateManager partition=__consumer_offsets-39] Wrote producer snapshot at offset 3 with 0 producer ids in 2 ms. (org.apache.kafka.storage.internals.log.ProducerStateManager)
[2026-05-09 08:00:32,747] INFO [LogLoader partition=__consumer_offsets-39, dir=C:\kafka\tmp\kraft-combined-logs] Loading producer state till offset 3 with message format version 2 (kafka.log.UnifiedLog$)
[2026-05-09 08:00:32,747] INFO [LogLoader partition=__consumer_offsets-39, dir=C:\kafka\tmp\kraft-combined-logs] Reloading from producer snapshot and rebuilding producer state from offset 3 (kafka.log.UnifiedLog$)
[2026-05-09 08:00:32,747] INFO [ProducerStateManager partition=__consumer_offsets-39] Loading producer state from snapshot file 'SnapshotFile(offset=3, file=C:\kafka\tmp\kraft-combined-logs\__consumer_offsets-39\00000000000000000003.snapshot)' (org.apache.kafka.storage.internals.log.ProducerStateManager)
[2026-05-09 08:00:32,750] INFO [LogLoader partition=__consumer_offsets-39, dir=C:\kafka\tmp\kraft-combined-logs] Producer state recovery took 3ms for snapshot load and 0ms for segment recovery from offset 3 (kafka.log.UnifiedLog$)
[2026-05-09 08:00:32,752] INFO Completed load of Log(dir=C:\kafka\tmp\kraft-combined-logs\__consumer_offsets-39, topicId=xCYndldWSI-roGJw_U6Vpw, topic=__consumer_offsets, partition=39, highWatermark=0, lastStableOffset=0, logStartOffset=0, logEndOffset=3) with 1 segments, local-log-start-offset 0 and log-end-offset 3 in 33ms (37/53 completed in C:\kafka\tmp\kraft-combined-logs) (kafka.log.LogManager)
[2026-05-09 08:00:32,762] INFO [LogLoader partition=__consumer_offsets-4, dir=C:\kafka\tmp\kraft-combined-logs] Recovering unflushed segment 0. 0/1 recovered for __consumer_offsets-4. (kafka.log.LogLoader)
[2026-05-09 08:00:32,762] INFO [LogLoader partition=__consumer_offsets-4, dir=C:\kafka\tmp\kraft-combined-logs] Loading producer state till offset 0 with message format version 2 (kafka.log.UnifiedLog$)
[2026-05-09 08:00:32,762] INFO [LogLoader partition=__consumer_offsets-4, dir=C:\kafka\tmp\kraft-combined-logs] Reloading from producer snapshot and rebuilding producer state from offset 0 (kafka.log.UnifiedLog$)
[2026-05-09 08:00:32,762] INFO [LogLoader partition=__consumer_offsets-4, dir=C:\kafka\tmp\kraft-combined-logs] Producer state recovery took 0ms for snapshot load and 0ms for segment recovery from offset 0 (kafka.log.UnifiedLog$)
[2026-05-09 08:00:32,777] INFO [LogLoader partition=__consumer_offsets-4, dir=C:\kafka\tmp\kraft-combined-logs] Loading producer state till offset 0 with message format version 2 (kafka.log.UnifiedLog$)
[2026-05-09 08:00:32,779] INFO [LogLoader partition=__consumer_offsets-4, dir=C:\kafka\tmp\kraft-combined-logs] Reloading from producer snapshot and rebuilding producer state from offset 0 (kafka.log.UnifiedLog$)
[2026-05-09 08:00:32,779] INFO [LogLoader partition=__consumer_offsets-4, dir=C:\kafka\tmp\kraft-combined-logs] Producer state recovery took 0ms for snapshot load and 0ms for segment recovery from offset 0 (kafka.log.UnifiedLog$)
[2026-05-09 08:00:32,781] INFO Completed load of Log(dir=C:\kafka\tmp\kraft-combined-logs\__consumer_offsets-4, topicId=xCYndldWSI-roGJw_U6Vpw, topic=__consumer_offsets, partition=4, highWatermark=0, lastStableOffset=0, logStartOffset=0, logEndOffset=0) with 1 segments, local-log-start-offset 0 and log-end-offset 0 in 28ms (38/53 completed in C:\kafka\tmp\kraft-combined-logs) (kafka.log.LogManager)
[2026-05-09 08:00:32,789] INFO [LogLoader partition=__consumer_offsets-40, dir=C:\kafka\tmp\kraft-combined-logs] Recovering unflushed segment 0. 0/1 recovered for __consumer_offsets-40. (kafka.log.LogLoader)
[2026-05-09 08:00:32,794] INFO [LogLoader partition=__consumer_offsets-40, dir=C:\kafka\tmp\kraft-combined-logs] Loading producer state till offset 0 with message format version 2 (kafka.log.UnifiedLog$)
[2026-05-09 08:00:32,796] INFO [LogLoader partition=__consumer_offsets-40, dir=C:\kafka\tmp\kraft-combined-logs] Reloading from producer snapshot and rebuilding producer state from offset 0 (kafka.log.UnifiedLog$)
[2026-05-09 08:00:32,797] INFO [LogLoader partition=__consumer_offsets-40, dir=C:\kafka\tmp\kraft-combined-logs] Producer state recovery took 0ms for snapshot load and 0ms for segment recovery from offset 0 (kafka.log.UnifiedLog$)
[2026-05-09 08:00:32,807] INFO [LogLoader partition=__consumer_offsets-40, dir=C:\kafka\tmp\kraft-combined-logs] Loading producer state till offset 0 with message format version 2 (kafka.log.UnifiedLog$)
[2026-05-09 08:00:32,809] INFO [LogLoader partition=__consumer_offsets-40, dir=C:\kafka\tmp\kraft-combined-logs] Reloading from producer snapshot and rebuilding producer state from offset 0 (kafka.log.UnifiedLog$)
[2026-05-09 08:00:32,812] INFO [LogLoader partition=__consumer_offsets-40, dir=C:\kafka\tmp\kraft-combined-logs] Producer state recovery took 0ms for snapshot load and 0ms for segment recovery from offset 0 (kafka.log.UnifiedLog$)
[2026-05-09 08:00:32,813] INFO Completed load of Log(dir=C:\kafka\tmp\kraft-combined-logs\__consumer_offsets-40, topicId=xCYndldWSI-roGJw_U6Vpw, topic=__consumer_offsets, partition=40, highWatermark=0, lastStableOffset=0, logStartOffset=0, logEndOffset=0) with 1 segments, local-log-start-offset 0 and log-end-offset 0 in 32ms (39/53 completed in C:\kafka\tmp\kraft-combined-logs) (kafka.log.LogManager)
[2026-05-09 08:00:32,833] INFO [LogLoader partition=__consumer_offsets-41, dir=C:\kafka\tmp\kraft-combined-logs] Recovering unflushed segment 0. 0/1 recovered for __consumer_offsets-41. (kafka.log.LogLoader)
[2026-05-09 08:00:32,833] INFO [LogLoader partition=__consumer_offsets-41, dir=C:\kafka\tmp\kraft-combined-logs] Loading producer state till offset 0 with message format version 2 (kafka.log.UnifiedLog$)
[2026-05-09 08:00:32,833] INFO [LogLoader partition=__consumer_offsets-41, dir=C:\kafka\tmp\kraft-combined-logs] Reloading from producer snapshot and rebuilding producer state from offset 0 (kafka.log.UnifiedLog$)
[2026-05-09 08:00:32,833] INFO [LogLoader partition=__consumer_offsets-41, dir=C:\kafka\tmp\kraft-combined-logs] Producer state recovery took 0ms for snapshot load and 0ms for segment recovery from offset 0 (kafka.log.UnifiedLog$)
[2026-05-09 08:00:32,842] INFO [ProducerStateManager partition=__consumer_offsets-41] Wrote producer snapshot at offset 3 with 0 producer ids in 4 ms. (org.apache.kafka.storage.internals.log.ProducerStateManager)
[2026-05-09 08:00:32,848] INFO [LogLoader partition=__consumer_offsets-41, dir=C:\kafka\tmp\kraft-combined-logs] Loading producer state till offset 3 with message format version 2 (kafka.log.UnifiedLog$)
[2026-05-09 08:00:32,848] INFO [LogLoader partition=__consumer_offsets-41, dir=C:\kafka\tmp\kraft-combined-logs] Reloading from producer snapshot and rebuilding producer state from offset 3 (kafka.log.UnifiedLog$)
[2026-05-09 08:00:32,849] INFO [ProducerStateManager partition=__consumer_offsets-41] Loading producer state from snapshot file 'SnapshotFile(offset=3, file=C:\kafka\tmp\kraft-combined-logs\__consumer_offsets-41\00000000000000000003.snapshot)' (org.apache.kafka.storage.internals.log.ProducerStateManager)
[2026-05-09 08:00:32,850] INFO [LogLoader partition=__consumer_offsets-41, dir=C:\kafka\tmp\kraft-combined-logs] Producer state recovery took 1ms for snapshot load and 0ms for segment recovery from offset 3 (kafka.log.UnifiedLog$)
[2026-05-09 08:00:32,853] INFO Completed load of Log(dir=C:\kafka\tmp\kraft-combined-logs\__consumer_offsets-41, topicId=xCYndldWSI-roGJw_U6Vpw, topic=__consumer_offsets, partition=41, highWatermark=0, lastStableOffset=0, logStartOffset=0, logEndOffset=3) with 1 segments, local-log-start-offset 0 and log-end-offset 3 in 39ms (40/53 completed in C:\kafka\tmp\kraft-combined-logs) (kafka.log.LogManager)
[2026-05-09 08:00:32,863] INFO [LogLoader partition=__consumer_offsets-42, dir=C:\kafka\tmp\kraft-combined-logs] Recovering unflushed segment 0. 0/1 recovered for __consumer_offsets-42. (kafka.log.LogLoader)
[2026-05-09 08:00:32,863] INFO [LogLoader partition=__consumer_offsets-42, dir=C:\kafka\tmp\kraft-combined-logs] Loading producer state till offset 0 with message format version 2 (kafka.log.UnifiedLog$)
[2026-05-09 08:00:32,864] INFO [LogLoader partition=__consumer_offsets-42, dir=C:\kafka\tmp\kraft-combined-logs] Reloading from producer snapshot and rebuilding producer state from offset 0 (kafka.log.UnifiedLog$)
[2026-05-09 08:00:32,864] INFO [LogLoader partition=__consumer_offsets-42, dir=C:\kafka\tmp\kraft-combined-logs] Producer state recovery took 0ms for snapshot load and 0ms for segment recovery from offset 0 (kafka.log.UnifiedLog$)
[2026-05-09 08:00:32,869] INFO [LogLoader partition=__consumer_offsets-42, dir=C:\kafka\tmp\kraft-combined-logs] Loading producer state till offset 0 with message format version 2 (kafka.log.UnifiedLog$)
[2026-05-09 08:00:32,869] INFO [LogLoader partition=__consumer_offsets-42, dir=C:\kafka\tmp\kraft-combined-logs] Reloading from producer snapshot and rebuilding producer state from offset 0 (kafka.log.UnifiedLog$)
[2026-05-09 08:00:32,869] INFO [LogLoader partition=__consumer_offsets-42, dir=C:\kafka\tmp\kraft-combined-logs] Producer state recovery took 0ms for snapshot load and 0ms for segment recovery from offset 0 (kafka.log.UnifiedLog$)
[2026-05-09 08:00:32,871] INFO Completed load of Log(dir=C:\kafka\tmp\kraft-combined-logs\__consumer_offsets-42, topicId=xCYndldWSI-roGJw_U6Vpw, topic=__consumer_offsets, partition=42, highWatermark=0, lastStableOffset=0, logStartOffset=0, logEndOffset=0) with 1 segments, local-log-start-offset 0 and log-end-offset 0 in 19ms (41/53 completed in C:\kafka\tmp\kraft-combined-logs) (kafka.log.LogManager)
[2026-05-09 08:00:32,882] INFO [LogLoader partition=__consumer_offsets-43, dir=C:\kafka\tmp\kraft-combined-logs] Recovering unflushed segment 0. 0/1 recovered for __consumer_offsets-43. (kafka.log.LogLoader)
[2026-05-09 08:00:32,883] INFO [LogLoader partition=__consumer_offsets-43, dir=C:\kafka\tmp\kraft-combined-logs] Loading producer state till offset 0 with message format version 2 (kafka.log.UnifiedLog$)
[2026-05-09 08:00:32,883] INFO [LogLoader partition=__consumer_offsets-43, dir=C:\kafka\tmp\kraft-combined-logs] Reloading from producer snapshot and rebuilding producer state from offset 0 (kafka.log.UnifiedLog$)
[2026-05-09 08:00:32,883] INFO [LogLoader partition=__consumer_offsets-43, dir=C:\kafka\tmp\kraft-combined-logs] Producer state recovery took 0ms for snapshot load and 0ms for segment recovery from offset 0 (kafka.log.UnifiedLog$)
[2026-05-09 08:00:32,885] INFO [LogLoader partition=__consumer_offsets-43, dir=C:\kafka\tmp\kraft-combined-logs] Loading producer state till offset 0 with message format version 2 (kafka.log.UnifiedLog$)
[2026-05-09 08:00:32,885] INFO [LogLoader partition=__consumer_offsets-43, dir=C:\kafka\tmp\kraft-combined-logs] Reloading from producer snapshot and rebuilding producer state from offset 0 (kafka.log.UnifiedLog$)
[2026-05-09 08:00:32,890] INFO [LogLoader partition=__consumer_offsets-43, dir=C:\kafka\tmp\kraft-combined-logs] Producer state recovery took 0ms for snapshot load and 0ms for segment recovery from offset 0 (kafka.log.UnifiedLog$)
[2026-05-09 08:00:32,894] INFO Completed load of Log(dir=C:\kafka\tmp\kraft-combined-logs\__consumer_offsets-43, topicId=xCYndldWSI-roGJw_U6Vpw, topic=__consumer_offsets, partition=43, highWatermark=0, lastStableOffset=0, logStartOffset=0, logEndOffset=0) with 1 segments, local-log-start-offset 0 and log-end-offset 0 in 21ms (42/53 completed in C:\kafka\tmp\kraft-combined-logs) (kafka.log.LogManager)
[2026-05-09 08:00:32,901] INFO [LogLoader partition=__consumer_offsets-44, dir=C:\kafka\tmp\kraft-combined-logs] Recovering unflushed segment 0. 0/1 recovered for __consumer_offsets-44. (kafka.log.LogLoader)
[2026-05-09 08:00:32,901] INFO [LogLoader partition=__consumer_offsets-44, dir=C:\kafka\tmp\kraft-combined-logs] Loading producer state till offset 0 with message format version 2 (kafka.log.UnifiedLog$)
[2026-05-09 08:00:32,902] INFO [LogLoader partition=__consumer_offsets-44, dir=C:\kafka\tmp\kraft-combined-logs] Reloading from producer snapshot and rebuilding producer state from offset 0 (kafka.log.UnifiedLog$)
[2026-05-09 08:00:32,902] INFO [LogLoader partition=__consumer_offsets-44, dir=C:\kafka\tmp\kraft-combined-logs] Producer state recovery took 0ms for snapshot load and 0ms for segment recovery from offset 0 (kafka.log.UnifiedLog$)
[2026-05-09 08:00:32,909] INFO [LogLoader partition=__consumer_offsets-44, dir=C:\kafka\tmp\kraft-combined-logs] Loading producer state till offset 0 with message format version 2 (kafka.log.UnifiedLog$)
[2026-05-09 08:00:32,910] INFO [LogLoader partition=__consumer_offsets-44, dir=C:\kafka\tmp\kraft-combined-logs] Reloading from producer snapshot and rebuilding producer state from offset 0 (kafka.log.UnifiedLog$)
[2026-05-09 08:00:32,910] INFO [LogLoader partition=__consumer_offsets-44, dir=C:\kafka\tmp\kraft-combined-logs] Producer state recovery took 0ms for snapshot load and 0ms for segment recovery from offset 0 (kafka.log.UnifiedLog$)
[2026-05-09 08:00:32,912] INFO Completed load of Log(dir=C:\kafka\tmp\kraft-combined-logs\__consumer_offsets-44, topicId=xCYndldWSI-roGJw_U6Vpw, topic=__consumer_offsets, partition=44, highWatermark=0, lastStableOffset=0, logStartOffset=0, logEndOffset=0) with 1 segments, local-log-start-offset 0 and log-end-offset 0 in 18ms (43/53 completed in C:\kafka\tmp\kraft-combined-logs) (kafka.log.LogManager)
[2026-05-09 08:00:32,916] INFO [LogLoader partition=__consumer_offsets-45, dir=C:\kafka\tmp\kraft-combined-logs] Recovering unflushed segment 0. 0/1 recovered for __consumer_offsets-45. (kafka.log.LogLoader)
[2026-05-09 08:00:32,916] INFO [LogLoader partition=__consumer_offsets-45, dir=C:\kafka\tmp\kraft-combined-logs] Loading producer state till offset 0 with message format version 2 (kafka.log.UnifiedLog$)
[2026-05-09 08:00:32,916] INFO [LogLoader partition=__consumer_offsets-45, dir=C:\kafka\tmp\kraft-combined-logs] Reloading from producer snapshot and rebuilding producer state from offset 0 (kafka.log.UnifiedLog$)
[2026-05-09 08:00:32,920] INFO [LogLoader partition=__consumer_offsets-45, dir=C:\kafka\tmp\kraft-combined-logs] Producer state recovery took 0ms for snapshot load and 0ms for segment recovery from offset 0 (kafka.log.UnifiedLog$)
[2026-05-09 08:00:32,925] INFO [LogLoader partition=__consumer_offsets-45, dir=C:\kafka\tmp\kraft-combined-logs] Loading producer state till offset 0 with message format version 2 (kafka.log.UnifiedLog$)
[2026-05-09 08:00:32,925] INFO [LogLoader partition=__consumer_offsets-45, dir=C:\kafka\tmp\kraft-combined-logs] Reloading from producer snapshot and rebuilding producer state from offset 0 (kafka.log.UnifiedLog$)
[2026-05-09 08:00:32,925] INFO [LogLoader partition=__consumer_offsets-45, dir=C:\kafka\tmp\kraft-combined-logs] Producer state recovery took 0ms for snapshot load and 0ms for segment recovery from offset 0 (kafka.log.UnifiedLog$)
[2026-05-09 08:00:32,929] INFO Completed load of Log(dir=C:\kafka\tmp\kraft-combined-logs\__consumer_offsets-45, topicId=xCYndldWSI-roGJw_U6Vpw, topic=__consumer_offsets, partition=45, highWatermark=0, lastStableOffset=0, logStartOffset=0, logEndOffset=0) with 1 segments, local-log-start-offset 0 and log-end-offset 0 in 17ms (44/53 completed in C:\kafka\tmp\kraft-combined-logs) (kafka.log.LogManager)
[2026-05-09 08:00:32,937] INFO [LogLoader partition=__consumer_offsets-46, dir=C:\kafka\tmp\kraft-combined-logs] Recovering unflushed segment 0. 0/1 recovered for __consumer_offsets-46. (kafka.log.LogLoader)
[2026-05-09 08:00:32,939] INFO [LogLoader partition=__consumer_offsets-46, dir=C:\kafka\tmp\kraft-combined-logs] Loading producer state till offset 0 with message format version 2 (kafka.log.UnifiedLog$)
[2026-05-09 08:00:32,939] INFO [LogLoader partition=__consumer_offsets-46, dir=C:\kafka\tmp\kraft-combined-logs] Reloading from producer snapshot and rebuilding producer state from offset 0 (kafka.log.UnifiedLog$)
[2026-05-09 08:00:32,940] INFO Deleted producer state snapshot C:\kafka\tmp\kraft-combined-logs\__consumer_offsets-46\00000000000000000003.snapshot (org.apache.kafka.storage.internals.log.SnapshotFile)
[2026-05-09 08:00:32,940] INFO [LogLoader partition=__consumer_offsets-46, dir=C:\kafka\tmp\kraft-combined-logs] Producer state recovery took 1ms for snapshot load and 0ms for segment recovery from offset 0 (kafka.log.UnifiedLog$)
[2026-05-09 08:00:32,949] INFO [ProducerStateManager partition=__consumer_offsets-46] Wrote producer snapshot at offset 3 with 0 producer ids in 2 ms. (org.apache.kafka.storage.internals.log.ProducerStateManager)
[2026-05-09 08:00:32,953] INFO [LogLoader partition=__consumer_offsets-46, dir=C:\kafka\tmp\kraft-combined-logs] Loading producer state till offset 3 with message format version 2 (kafka.log.UnifiedLog$)
[2026-05-09 08:00:32,953] INFO [LogLoader partition=__consumer_offsets-46, dir=C:\kafka\tmp\kraft-combined-logs] Reloading from producer snapshot and rebuilding producer state from offset 3 (kafka.log.UnifiedLog$)
[2026-05-09 08:00:32,953] INFO [ProducerStateManager partition=__consumer_offsets-46] Loading producer state from snapshot file 'SnapshotFile(offset=3, file=C:\kafka\tmp\kraft-combined-logs\__consumer_offsets-46\00000000000000000003.snapshot)' (org.apache.kafka.storage.internals.log.ProducerStateManager)
[2026-05-09 08:00:32,958] INFO [LogLoader partition=__consumer_offsets-46, dir=C:\kafka\tmp\kraft-combined-logs] Producer state recovery took 5ms for snapshot load and 0ms for segment recovery from offset 3 (kafka.log.UnifiedLog$)
[2026-05-09 08:00:32,962] INFO Completed load of Log(dir=C:\kafka\tmp\kraft-combined-logs\__consumer_offsets-46, topicId=xCYndldWSI-roGJw_U6Vpw, topic=__consumer_offsets, partition=46, highWatermark=0, lastStableOffset=0, logStartOffset=0, logEndOffset=3) with 1 segments, local-log-start-offset 0 and log-end-offset 3 in 31ms (45/53 completed in C:\kafka\tmp\kraft-combined-logs) (kafka.log.LogManager)
[2026-05-09 08:00:32,966] INFO [LogLoader partition=__consumer_offsets-47, dir=C:\kafka\tmp\kraft-combined-logs] Recovering unflushed segment 0. 0/1 recovered for __consumer_offsets-47. (kafka.log.LogLoader)
[2026-05-09 08:00:32,966] INFO [LogLoader partition=__consumer_offsets-47, dir=C:\kafka\tmp\kraft-combined-logs] Loading producer state till offset 0 with message format version 2 (kafka.log.UnifiedLog$)
[2026-05-09 08:00:32,966] INFO [LogLoader partition=__consumer_offsets-47, dir=C:\kafka\tmp\kraft-combined-logs] Reloading from producer snapshot and rebuilding producer state from offset 0 (kafka.log.UnifiedLog$)
[2026-05-09 08:00:32,971] INFO [LogLoader partition=__consumer_offsets-47, dir=C:\kafka\tmp\kraft-combined-logs] Producer state recovery took 0ms for snapshot load and 0ms for segment recovery from offset 0 (kafka.log.UnifiedLog$)
[2026-05-09 08:00:32,980] INFO [LogLoader partition=__consumer_offsets-47, dir=C:\kafka\tmp\kraft-combined-logs] Loading producer state till offset 0 with message format version 2 (kafka.log.UnifiedLog$)
[2026-05-09 08:00:32,980] INFO [LogLoader partition=__consumer_offsets-47, dir=C:\kafka\tmp\kraft-combined-logs] Reloading from producer snapshot and rebuilding producer state from offset 0 (kafka.log.UnifiedLog$)
[2026-05-09 08:00:32,980] INFO [LogLoader partition=__consumer_offsets-47, dir=C:\kafka\tmp\kraft-combined-logs] Producer state recovery took 0ms for snapshot load and 0ms for segment recovery from offset 0 (kafka.log.UnifiedLog$)
[2026-05-09 08:00:32,983] INFO Completed load of Log(dir=C:\kafka\tmp\kraft-combined-logs\__consumer_offsets-47, topicId=xCYndldWSI-roGJw_U6Vpw, topic=__consumer_offsets, partition=47, highWatermark=0, lastStableOffset=0, logStartOffset=0, logEndOffset=0) with 1 segments, local-log-start-offset 0 and log-end-offset 0 in 20ms (46/53 completed in C:\kafka\tmp\kraft-combined-logs) (kafka.log.LogManager)
[2026-05-09 08:00:32,986] INFO [LogLoader partition=__consumer_offsets-48, dir=C:\kafka\tmp\kraft-combined-logs] Recovering unflushed segment 0. 0/1 recovered for __consumer_offsets-48. (kafka.log.LogLoader)
[2026-05-09 08:00:32,990] INFO [LogLoader partition=__consumer_offsets-48, dir=C:\kafka\tmp\kraft-combined-logs] Loading producer state till offset 0 with message format version 2 (kafka.log.UnifiedLog$)
[2026-05-09 08:00:32,990] INFO [LogLoader partition=__consumer_offsets-48, dir=C:\kafka\tmp\kraft-combined-logs] Reloading from producer snapshot and rebuilding producer state from offset 0 (kafka.log.UnifiedLog$)
[2026-05-09 08:00:32,990] INFO [LogLoader partition=__consumer_offsets-48, dir=C:\kafka\tmp\kraft-combined-logs] Producer state recovery took 0ms for snapshot load and 0ms for segment recovery from offset 0 (kafka.log.UnifiedLog$)
[2026-05-09 08:00:32,999] INFO [LogLoader partition=__consumer_offsets-48, dir=C:\kafka\tmp\kraft-combined-logs] Loading producer state till offset 0 with message format version 2 (kafka.log.UnifiedLog$)
[2026-05-09 08:00:32,999] INFO [LogLoader partition=__consumer_offsets-48, dir=C:\kafka\tmp\kraft-combined-logs] Reloading from producer snapshot and rebuilding producer state from offset 0 (kafka.log.UnifiedLog$)
[2026-05-09 08:00:32,999] INFO [LogLoader partition=__consumer_offsets-48, dir=C:\kafka\tmp\kraft-combined-logs] Producer state recovery took 0ms for snapshot load and 0ms for segment recovery from offset 0 (kafka.log.UnifiedLog$)
[2026-05-09 08:00:33,002] INFO Completed load of Log(dir=C:\kafka\tmp\kraft-combined-logs\__consumer_offsets-48, topicId=xCYndldWSI-roGJw_U6Vpw, topic=__consumer_offsets, partition=48, highWatermark=0, lastStableOffset=0, logStartOffset=0, logEndOffset=0) with 1 segments, local-log-start-offset 0 and log-end-offset 0 in 19ms (47/53 completed in C:\kafka\tmp\kraft-combined-logs) (kafka.log.LogManager)
[2026-05-09 08:00:33,013] INFO [LogLoader partition=__consumer_offsets-49, dir=C:\kafka\tmp\kraft-combined-logs] Recovering unflushed segment 0. 0/1 recovered for __consumer_offsets-49. (kafka.log.LogLoader)
[2026-05-09 08:00:33,014] INFO [LogLoader partition=__consumer_offsets-49, dir=C:\kafka\tmp\kraft-combined-logs] Loading producer state till offset 0 with message format version 2 (kafka.log.UnifiedLog$)
[2026-05-09 08:00:33,014] INFO [LogLoader partition=__consumer_offsets-49, dir=C:\kafka\tmp\kraft-combined-logs] Reloading from producer snapshot and rebuilding producer state from offset 0 (kafka.log.UnifiedLog$)
[2026-05-09 08:00:33,014] INFO [LogLoader partition=__consumer_offsets-49, dir=C:\kafka\tmp\kraft-combined-logs] Producer state recovery took 0ms for snapshot load and 0ms for segment recovery from offset 0 (kafka.log.UnifiedLog$)
[2026-05-09 08:00:33,019] INFO [LogLoader partition=__consumer_offsets-49, dir=C:\kafka\tmp\kraft-combined-logs] Loading producer state till offset 0 with message format version 2 (kafka.log.UnifiedLog$)
[2026-05-09 08:00:33,019] INFO [LogLoader partition=__consumer_offsets-49, dir=C:\kafka\tmp\kraft-combined-logs] Reloading from producer snapshot and rebuilding producer state from offset 0 (kafka.log.UnifiedLog$)
[2026-05-09 08:00:33,019] INFO [LogLoader partition=__consumer_offsets-49, dir=C:\kafka\tmp\kraft-combined-logs] Producer state recovery took 0ms for snapshot load and 0ms for segment recovery from offset 0 (kafka.log.UnifiedLog$)
[2026-05-09 08:00:33,024] INFO Completed load of Log(dir=C:\kafka\tmp\kraft-combined-logs\__consumer_offsets-49, topicId=xCYndldWSI-roGJw_U6Vpw, topic=__consumer_offsets, partition=49, highWatermark=0, lastStableOffset=0, logStartOffset=0, logEndOffset=0) with 1 segments, local-log-start-offset 0 and log-end-offset 0 in 21ms (48/53 completed in C:\kafka\tmp\kraft-combined-logs) (kafka.log.LogManager)
[2026-05-09 08:00:33,031] INFO [LogLoader partition=__consumer_offsets-5, dir=C:\kafka\tmp\kraft-combined-logs] Recovering unflushed segment 0. 0/1 recovered for __consumer_offsets-5. (kafka.log.LogLoader)
[2026-05-09 08:00:33,032] INFO [LogLoader partition=__consumer_offsets-5, dir=C:\kafka\tmp\kraft-combined-logs] Loading producer state till offset 0 with message format version 2 (kafka.log.UnifiedLog$)
[2026-05-09 08:00:33,032] INFO [LogLoader partition=__consumer_offsets-5, dir=C:\kafka\tmp\kraft-combined-logs] Reloading from producer snapshot and rebuilding producer state from offset 0 (kafka.log.UnifiedLog$)
[2026-05-09 08:00:33,034] INFO [LogLoader partition=__consumer_offsets-5, dir=C:\kafka\tmp\kraft-combined-logs] Producer state recovery took 0ms for snapshot load and 0ms for segment recovery from offset 0 (kafka.log.UnifiedLog$)
[2026-05-09 08:00:33,038] INFO [LogLoader partition=__consumer_offsets-5, dir=C:\kafka\tmp\kraft-combined-logs] Loading producer state till offset 0 with message format version 2 (kafka.log.UnifiedLog$)
[2026-05-09 08:00:33,039] INFO [LogLoader partition=__consumer_offsets-5, dir=C:\kafka\tmp\kraft-combined-logs] Reloading from producer snapshot and rebuilding producer state from offset 0 (kafka.log.UnifiedLog$)
[2026-05-09 08:00:33,039] INFO [LogLoader partition=__consumer_offsets-5, dir=C:\kafka\tmp\kraft-combined-logs] Producer state recovery took 0ms for snapshot load and 0ms for segment recovery from offset 0 (kafka.log.UnifiedLog$)
[2026-05-09 08:00:33,041] INFO Completed load of Log(dir=C:\kafka\tmp\kraft-combined-logs\__consumer_offsets-5, topicId=xCYndldWSI-roGJw_U6Vpw, topic=__consumer_offsets, partition=5, highWatermark=0, lastStableOffset=0, logStartOffset=0, logEndOffset=0) with 1 segments, local-log-start-offset 0 and log-end-offset 0 in 17ms (49/53 completed in C:\kafka\tmp\kraft-combined-logs) (kafka.log.LogManager)
[2026-05-09 08:00:33,049] INFO [LogLoader partition=__consumer_offsets-6, dir=C:\kafka\tmp\kraft-combined-logs] Recovering unflushed segment 0. 0/1 recovered for __consumer_offsets-6. (kafka.log.LogLoader)
[2026-05-09 08:00:33,049] INFO [LogLoader partition=__consumer_offsets-6, dir=C:\kafka\tmp\kraft-combined-logs] Loading producer state till offset 0 with message format version 2 (kafka.log.UnifiedLog$)
[2026-05-09 08:00:33,052] INFO [LogLoader partition=__consumer_offsets-6, dir=C:\kafka\tmp\kraft-combined-logs] Reloading from producer snapshot and rebuilding producer state from offset 0 (kafka.log.UnifiedLog$)
[2026-05-09 08:00:33,052] INFO [LogLoader partition=__consumer_offsets-6, dir=C:\kafka\tmp\kraft-combined-logs] Producer state recovery took 0ms for snapshot load and 0ms for segment recovery from offset 0 (kafka.log.UnifiedLog$)
[2026-05-09 08:00:33,057] INFO [LogLoader partition=__consumer_offsets-6, dir=C:\kafka\tmp\kraft-combined-logs] Loading producer state till offset 0 with message format version 2 (kafka.log.UnifiedLog$)
[2026-05-09 08:00:33,057] INFO [LogLoader partition=__consumer_offsets-6, dir=C:\kafka\tmp\kraft-combined-logs] Reloading from producer snapshot and rebuilding producer state from offset 0 (kafka.log.UnifiedLog$)
[2026-05-09 08:00:33,058] INFO [LogLoader partition=__consumer_offsets-6, dir=C:\kafka\tmp\kraft-combined-logs] Producer state recovery took 0ms for snapshot load and 0ms for segment recovery from offset 0 (kafka.log.UnifiedLog$)
[2026-05-09 08:00:33,062] INFO Completed load of Log(dir=C:\kafka\tmp\kraft-combined-logs\__consumer_offsets-6, topicId=xCYndldWSI-roGJw_U6Vpw, topic=__consumer_offsets, partition=6, highWatermark=0, lastStableOffset=0, logStartOffset=0, logEndOffset=0) with 1 segments, local-log-start-offset 0 and log-end-offset 0 in 20ms (50/53 completed in C:\kafka\tmp\kraft-combined-logs) (kafka.log.LogManager)
[2026-05-09 08:00:33,068] INFO [LogLoader partition=__consumer_offsets-7, dir=C:\kafka\tmp\kraft-combined-logs] Recovering unflushed segment 0. 0/1 recovered for __consumer_offsets-7. (kafka.log.LogLoader)
[2026-05-09 08:00:33,068] INFO [LogLoader partition=__consumer_offsets-7, dir=C:\kafka\tmp\kraft-combined-logs] Loading producer state till offset 0 with message format version 2 (kafka.log.UnifiedLog$)
[2026-05-09 08:00:33,070] INFO [LogLoader partition=__consumer_offsets-7, dir=C:\kafka\tmp\kraft-combined-logs] Reloading from producer snapshot and rebuilding producer state from offset 0 (kafka.log.UnifiedLog$)
[2026-05-09 08:00:33,070] INFO [LogLoader partition=__consumer_offsets-7, dir=C:\kafka\tmp\kraft-combined-logs] Producer state recovery took 0ms for snapshot load and 0ms for segment recovery from offset 0 (kafka.log.UnifiedLog$)
[2026-05-09 08:00:33,077] INFO [LogLoader partition=__consumer_offsets-7, dir=C:\kafka\tmp\kraft-combined-logs] Loading producer state till offset 0 with message format version 2 (kafka.log.UnifiedLog$)
[2026-05-09 08:00:33,077] INFO [LogLoader partition=__consumer_offsets-7, dir=C:\kafka\tmp\kraft-combined-logs] Reloading from producer snapshot and rebuilding producer state from offset 0 (kafka.log.UnifiedLog$)
[2026-05-09 08:00:33,077] INFO [LogLoader partition=__consumer_offsets-7, dir=C:\kafka\tmp\kraft-combined-logs] Producer state recovery took 0ms for snapshot load and 0ms for segment recovery from offset 0 (kafka.log.UnifiedLog$)
[2026-05-09 08:00:33,080] INFO Completed load of Log(dir=C:\kafka\tmp\kraft-combined-logs\__consumer_offsets-7, topicId=xCYndldWSI-roGJw_U6Vpw, topic=__consumer_offsets, partition=7, highWatermark=0, lastStableOffset=0, logStartOffset=0, logEndOffset=0) with 1 segments, local-log-start-offset 0 and log-end-offset 0 in 18ms (51/53 completed in C:\kafka\tmp\kraft-combined-logs) (kafka.log.LogManager)
[2026-05-09 08:00:33,087] INFO [LogLoader partition=__consumer_offsets-8, dir=C:\kafka\tmp\kraft-combined-logs] Recovering unflushed segment 0. 0/1 recovered for __consumer_offsets-8. (kafka.log.LogLoader)
[2026-05-09 08:00:33,087] INFO [LogLoader partition=__consumer_offsets-8, dir=C:\kafka\tmp\kraft-combined-logs] Loading producer state till offset 0 with message format version 2 (kafka.log.UnifiedLog$)
[2026-05-09 08:00:33,087] INFO [LogLoader partition=__consumer_offsets-8, dir=C:\kafka\tmp\kraft-combined-logs] Reloading from producer snapshot and rebuilding producer state from offset 0 (kafka.log.UnifiedLog$)
[2026-05-09 08:00:33,089] INFO [LogLoader partition=__consumer_offsets-8, dir=C:\kafka\tmp\kraft-combined-logs] Producer state recovery took 0ms for snapshot load and 0ms for segment recovery from offset 0 (kafka.log.UnifiedLog$)
[2026-05-09 08:00:33,096] INFO [LogLoader partition=__consumer_offsets-8, dir=C:\kafka\tmp\kraft-combined-logs] Loading producer state till offset 0 with message format version 2 (kafka.log.UnifiedLog$)
[2026-05-09 08:00:33,096] INFO [LogLoader partition=__consumer_offsets-8, dir=C:\kafka\tmp\kraft-combined-logs] Reloading from producer snapshot and rebuilding producer state from offset 0 (kafka.log.UnifiedLog$)
[2026-05-09 08:00:33,096] INFO [LogLoader partition=__consumer_offsets-8, dir=C:\kafka\tmp\kraft-combined-logs] Producer state recovery took 0ms for snapshot load and 0ms for segment recovery from offset 0 (kafka.log.UnifiedLog$)
[2026-05-09 08:00:33,099] INFO Completed load of Log(dir=C:\kafka\tmp\kraft-combined-logs\__consumer_offsets-8, topicId=xCYndldWSI-roGJw_U6Vpw, topic=__consumer_offsets, partition=8, highWatermark=0, lastStableOffset=0, logStartOffset=0, logEndOffset=0) with 1 segments, local-log-start-offset 0 and log-end-offset 0 in 18ms (52/53 completed in C:\kafka\tmp\kraft-combined-logs) (kafka.log.LogManager)
[2026-05-09 08:00:33,106] INFO [LogLoader partition=__consumer_offsets-9, dir=C:\kafka\tmp\kraft-combined-logs] Recovering unflushed segment 0. 0/1 recovered for __consumer_offsets-9. (kafka.log.LogLoader)
[2026-05-09 08:00:33,109] INFO [LogLoader partition=__consumer_offsets-9, dir=C:\kafka\tmp\kraft-combined-logs] Loading producer state till offset 0 with message format version 2 (kafka.log.UnifiedLog$)
[2026-05-09 08:00:33,109] INFO [LogLoader partition=__consumer_offsets-9, dir=C:\kafka\tmp\kraft-combined-logs] Reloading from producer snapshot and rebuilding producer state from offset 0 (kafka.log.UnifiedLog$)
[2026-05-09 08:00:33,111] INFO [LogLoader partition=__consumer_offsets-9, dir=C:\kafka\tmp\kraft-combined-logs] Producer state recovery took 2ms for snapshot load and 0ms for segment recovery from offset 0 (kafka.log.UnifiedLog$)
[2026-05-09 08:00:33,117] INFO [LogLoader partition=__consumer_offsets-9, dir=C:\kafka\tmp\kraft-combined-logs] Loading producer state till offset 0 with message format version 2 (kafka.log.UnifiedLog$)
[2026-05-09 08:00:33,117] INFO [LogLoader partition=__consumer_offsets-9, dir=C:\kafka\tmp\kraft-combined-logs] Reloading from producer snapshot and rebuilding producer state from offset 0 (kafka.log.UnifiedLog$)
[2026-05-09 08:00:33,117] INFO [LogLoader partition=__consumer_offsets-9, dir=C:\kafka\tmp\kraft-combined-logs] Producer state recovery took 0ms for snapshot load and 0ms for segment recovery from offset 0 (kafka.log.UnifiedLog$)
[2026-05-09 08:00:33,122] INFO Completed load of Log(dir=C:\kafka\tmp\kraft-combined-logs\__consumer_offsets-9, topicId=xCYndldWSI-roGJw_U6Vpw, topic=__consumer_offsets, partition=9, highWatermark=0, lastStableOffset=0, logStartOffset=0, logEndOffset=0) with 1 segments, local-log-start-offset 0 and log-end-offset 0 in 22ms (53/53 completed in C:\kafka\tmp\kraft-combined-logs) (kafka.log.LogManager)
[2026-05-09 08:00:33,129] INFO Loaded 53 logs in 1792ms (unclean log dirs = ArrayBuffer(C:\kafka\tmp\kraft-combined-logs)) (kafka.log.LogManager)
[2026-05-09 08:00:33,130] INFO Starting log cleanup with a period of 300000 ms. (kafka.log.LogManager)
[2026-05-09 08:00:33,131] INFO Starting log flusher with a default period of 9223372036854775807 ms. (kafka.log.LogManager)
[2026-05-09 08:00:33,175] INFO [kafka-log-cleaner-thread-0]: Starting (kafka.log.LogCleaner$CleanerThread)
[2026-05-09 08:00:33,185] INFO [LogDirFailureHandler]: Starting (kafka.server.ReplicaManager$LogDirFailureHandler)
[2026-05-09 08:00:33,187] INFO [AddPartitionsToTxnSenderThread-1]: Starting (kafka.server.AddPartitionsToTxnManager)
[2026-05-09 08:00:33,187] INFO [GroupCoordinator 1]: Starting up. (kafka.coordinator.group.GroupCoordinator)
[2026-05-09 08:00:33,193] INFO [GroupCoordinator 1]: Startup complete. (kafka.coordinator.group.GroupCoordinator)
[2026-05-09 08:00:33,195] INFO [TransactionCoordinator id=1] Starting up. (kafka.coordinator.transaction.TransactionCoordinator)
[2026-05-09 08:00:33,200] INFO [TxnMarkerSenderThread-1]: Starting (kafka.coordinator.transaction.TransactionMarkerChannelManager)
[2026-05-09 08:00:33,201] INFO [TransactionCoordinator id=1] Startup complete. (kafka.coordinator.transaction.TransactionCoordinator)
[2026-05-09 08:00:33,221] INFO [ReplicaFetcherManager on broker 1] Removed fetcher for partitions Set(__consumer_offsets-13, __consumer_offsets-46, __consumer_offsets-9, __consumer_offsets-42, __consumer_offsets-21, __consumer_offsets-17, __consumer_offsets-30, __consumer_offsets-26, __consumer_offsets-5, __consumer_offsets-38, __consumer_offsets-1, __consumer_offsets-34, __consumer_offsets-16, __consumer_offsets-45, __consumer_offsets-12, __consumer_offsets-41, __consumer_offsets-24, __consumer_offsets-20, __consumer_offsets-49, __consumer_offsets-0, __consumer_offsets-29, test1-0, __consumer_offsets-25, __consumer_offsets-8, __consumer_offsets-37, __consumer_offsets-4, __consumer_offsets-33, __consumer_offsets-15, __consumer_offsets-48, __consumer_offsets-11, __consumer_offsets-44, __consumer_offsets-23, __consumer_offsets-19, __consumer_offsets-32, __consumer_offsets-28, __consumer_offsets-7, __consumer_offsets-40, __consumer_offsets-3, __consumer_offsets-36, __consumer_offsets-47, __consumer_offsets-14, __consumer_offsets-43, test-0, __consumer_offsets-10, __consumer_offsets-22, __consumer_offsets-18, __consumer_offsets-31, __consumer_offsets-27, __consumer_offsets-39, orders-0, __consumer_offsets-6, __consumer_offsets-35, __consumer_offsets-2) (kafka.server.ReplicaFetcherManager)
[2026-05-09 08:00:33,270] INFO [Partition __consumer_offsets-13 broker=1] Log loaded for partition __consumer_offsets-13 with initial high watermark 0 (kafka.cluster.Partition)
[2026-05-09 08:00:33,278] INFO [BrokerLifecycleManager id=1] Unable to register broker 1 because the controller returned error DUPLICATE_BROKER_REGISTRATION (kafka.server.BrokerLifecycleManager)
[2026-05-09 08:00:33,285] INFO [Partition __consumer_offsets-46 broker=1] Log loaded for partition __consumer_offsets-46 with initial high watermark 3 (kafka.cluster.Partition)
[2026-05-09 08:00:33,292] INFO [Partition __consumer_offsets-9 broker=1] Log loaded for partition __consumer_offsets-9 with initial high watermark 0 (kafka.cluster.Partition)
[2026-05-09 08:00:33,296] INFO [Partition __consumer_offsets-42 broker=1] Log loaded for partition __consumer_offsets-42 with initial high watermark 0 (kafka.cluster.Partition)
[2026-05-09 08:00:33,303] INFO [Partition __consumer_offsets-21 broker=1] Log loaded for partition __consumer_offsets-21 with initial high watermark 0 (kafka.cluster.Partition)
[2026-05-09 08:00:33,311] INFO [Partition __consumer_offsets-17 broker=1] Log loaded for partition __consumer_offsets-17 with initial high watermark 0 (kafka.cluster.Partition)
[2026-05-09 08:00:33,316] INFO [Partition __consumer_offsets-30 broker=1] Log loaded for partition __consumer_offsets-30 with initial high watermark 0 (kafka.cluster.Partition)
[2026-05-09 08:00:33,321] INFO [Partition __consumer_offsets-26 broker=1] Log loaded for partition __consumer_offsets-26 with initial high watermark 0 (kafka.cluster.Partition)
[2026-05-09 08:00:33,329] INFO [Partition __consumer_offsets-5 broker=1] Log loaded for partition __consumer_offsets-5 with initial high watermark 0 (kafka.cluster.Partition)
[2026-05-09 08:00:33,333] INFO [Partition __consumer_offsets-38 broker=1] Log loaded for partition __consumer_offsets-38 with initial high watermark 0 (kafka.cluster.Partition)
[2026-05-09 08:00:33,337] INFO [Partition __consumer_offsets-1 broker=1] Log loaded for partition __consumer_offsets-1 with initial high watermark 0 (kafka.cluster.Partition)
[2026-05-09 08:00:33,344] INFO [Partition __consumer_offsets-34 broker=1] Log loaded for partition __consumer_offsets-34 with initial high watermark 0 (kafka.cluster.Partition)
[2026-05-09 08:00:33,344] INFO [Partition __consumer_offsets-16 broker=1] Log loaded for partition __consumer_offsets-16 with initial high watermark 0 (kafka.cluster.Partition)
[2026-05-09 08:00:33,352] INFO [Partition __consumer_offsets-45 broker=1] Log loaded for partition __consumer_offsets-45 with initial high watermark 0 (kafka.cluster.Partition)
[2026-05-09 08:00:33,360] INFO [Partition __consumer_offsets-12 broker=1] Log loaded for partition __consumer_offsets-12 with initial high watermark 0 (kafka.cluster.Partition)
[2026-05-09 08:00:33,368] INFO [Partition __consumer_offsets-41 broker=1] Log loaded for partition __consumer_offsets-41 with initial high watermark 3 (kafka.cluster.Partition)
[2026-05-09 08:00:33,369] INFO [Partition __consumer_offsets-24 broker=1] Log loaded for partition __consumer_offsets-24 with initial high watermark 0 (kafka.cluster.Partition)
[2026-05-09 08:00:33,377] INFO [Partition __consumer_offsets-20 broker=1] Log loaded for partition __consumer_offsets-20 with initial high watermark 0 (kafka.cluster.Partition)
[2026-05-09 08:00:33,381] INFO [Partition __consumer_offsets-49 broker=1] Log loaded for partition __consumer_offsets-49 with initial high watermark 0 (kafka.cluster.Partition)
[2026-05-09 08:00:33,387] INFO [Partition __consumer_offsets-0 broker=1] Log loaded for partition __consumer_offsets-0 with initial high watermark 0 (kafka.cluster.Partition)
[2026-05-09 08:00:33,395] INFO [Partition __consumer_offsets-29 broker=1] Log loaded for partition __consumer_offsets-29 with initial high watermark 1 (kafka.cluster.Partition)
[2026-05-09 08:00:33,396] INFO [Partition test1-0 broker=1] Log loaded for partition test1-0 with initial high watermark 0 (kafka.cluster.Partition)
[2026-05-09 08:00:33,400] INFO [Partition __consumer_offsets-25 broker=1] Log loaded for partition __consumer_offsets-25 with initial high watermark 7 (kafka.cluster.Partition)
[2026-05-09 08:00:33,406] INFO [Partition __consumer_offsets-8 broker=1] Log loaded for partition __consumer_offsets-8 with initial high watermark 0 (kafka.cluster.Partition)
[2026-05-09 08:00:33,413] INFO [Partition __consumer_offsets-37 broker=1] Log loaded for partition __consumer_offsets-37 with initial high watermark 0 (kafka.cluster.Partition)
[2026-05-09 08:00:33,417] INFO [Partition __consumer_offsets-4 broker=1] Log loaded for partition __consumer_offsets-4 with initial high watermark 0 (kafka.cluster.Partition)
[2026-05-09 08:00:33,420] INFO [Partition __consumer_offsets-33 broker=1] Log loaded for partition __consumer_offsets-33 with initial high watermark 0 (kafka.cluster.Partition)
[2026-05-09 08:00:33,428] INFO [Partition __consumer_offsets-15 broker=1] Log loaded for partition __consumer_offsets-15 with initial high watermark 0 (kafka.cluster.Partition)
[2026-05-09 08:00:33,433] INFO [Partition __consumer_offsets-48 broker=1] Log loaded for partition __consumer_offsets-48 with initial high watermark 0 (kafka.cluster.Partition)
[2026-05-09 08:00:33,436] INFO [Partition __consumer_offsets-11 broker=1] Log loaded for partition __consumer_offsets-11 with initial high watermark 0 (kafka.cluster.Partition)
[2026-05-09 08:00:33,443] INFO [Partition __consumer_offsets-44 broker=1] Log loaded for partition __consumer_offsets-44 with initial high watermark 0 (kafka.cluster.Partition)
[2026-05-09 08:00:33,444] INFO [Partition __consumer_offsets-23 broker=1] Log loaded for partition __consumer_offsets-23 with initial high watermark 0 (kafka.cluster.Partition)
[2026-05-09 08:00:33,451] INFO [Partition __consumer_offsets-19 broker=1] Log loaded for partition __consumer_offsets-19 with initial high watermark 0 (kafka.cluster.Partition)
[2026-05-09 08:00:33,457] INFO [Partition __consumer_offsets-32 broker=1] Log loaded for partition __consumer_offsets-32 with initial high watermark 0 (kafka.cluster.Partition)
[2026-05-09 08:00:33,462] INFO [Partition __consumer_offsets-28 broker=1] Log loaded for partition __consumer_offsets-28 with initial high watermark 0 (kafka.cluster.Partition)
[2026-05-09 08:00:33,465] INFO [Partition __consumer_offsets-7 broker=1] Log loaded for partition __consumer_offsets-7 with initial high watermark 0 (kafka.cluster.Partition)
[2026-05-09 08:00:33,469] INFO [Partition __consumer_offsets-40 broker=1] Log loaded for partition __consumer_offsets-40 with initial high watermark 0 (kafka.cluster.Partition)
[2026-05-09 08:00:33,476] INFO [Partition __consumer_offsets-3 broker=1] Log loaded for partition __consumer_offsets-3 with initial high watermark 3 (kafka.cluster.Partition)
[2026-05-09 08:00:33,481] INFO [Partition __consumer_offsets-36 broker=1] Log loaded for partition __consumer_offsets-36 with initial high watermark 0 (kafka.cluster.Partition)
[2026-05-09 08:00:33,488] INFO [Partition __consumer_offsets-47 broker=1] Log loaded for partition __consumer_offsets-47 with initial high watermark 0 (kafka.cluster.Partition)
[2026-05-09 08:00:33,494] INFO [Partition __consumer_offsets-14 broker=1] Log loaded for partition __consumer_offsets-14 with initial high watermark 0 (kafka.cluster.Partition)
[2026-05-09 08:00:33,498] INFO [Partition __consumer_offsets-43 broker=1] Log loaded for partition __consumer_offsets-43 with initial high watermark 0 (kafka.cluster.Partition)
[2026-05-09 08:00:33,503] INFO [Partition test-0 broker=1] Log loaded for partition test-0 with initial high watermark 3 (kafka.cluster.Partition)
[2026-05-09 08:00:33,506] INFO [Partition __consumer_offsets-10 broker=1] Log loaded for partition __consumer_offsets-10 with initial high watermark 0 (kafka.cluster.Partition)
[2026-05-09 08:00:33,511] INFO [Partition __consumer_offsets-22 broker=1] Log loaded for partition __consumer_offsets-22 with initial high watermark 0 (kafka.cluster.Partition)
[2026-05-09 08:00:33,517] INFO [Partition __consumer_offsets-18 broker=1] Log loaded for partition __consumer_offsets-18 with initial high watermark 0 (kafka.cluster.Partition)
[2026-05-09 08:00:33,519] INFO [Partition __consumer_offsets-31 broker=1] Log loaded for partition __consumer_offsets-31 with initial high watermark 0 (kafka.cluster.Partition)
[2026-05-09 08:00:33,528] INFO [Partition __consumer_offsets-27 broker=1] Log loaded for partition __consumer_offsets-27 with initial high watermark 0 (kafka.cluster.Partition)
[2026-05-09 08:00:33,531] INFO [Partition __consumer_offsets-39 broker=1] Log loaded for partition __consumer_offsets-39 with initial high watermark 3 (kafka.cluster.Partition)
[2026-05-09 08:00:33,537] INFO [Partition orders-0 broker=1] Log loaded for partition orders-0 with initial high watermark 2642 (kafka.cluster.Partition)
[2026-05-09 08:00:33,542] INFO [Partition __consumer_offsets-6 broker=1] Log loaded for partition __consumer_offsets-6 with initial high watermark 0 (kafka.cluster.Partition)
[2026-05-09 08:00:33,548] INFO [Partition __consumer_offsets-35 broker=1] Log loaded for partition __consumer_offsets-35 with initial high watermark 0 (kafka.cluster.Partition)
[2026-05-09 08:00:33,551] INFO [Partition __consumer_offsets-2 broker=1] Log loaded for partition __consumer_offsets-2 with initial high watermark 3 (kafka.cluster.Partition)
[2026-05-09 08:00:33,568] INFO [GroupCoordinator 1]: Elected as the group coordinator for partition 13 in epoch 6 (kafka.coordinator.group.GroupCoordinator)
[2026-05-09 08:00:33,568] INFO [GroupMetadataManager brokerId=1] Scheduling loading of offsets and group metadata from __consumer_offsets-13 for epoch 6 (kafka.coordinator.group.GroupMetadataManager)
[2026-05-09 08:00:33,570] INFO [GroupCoordinator 1]: Elected as the group coordinator for partition 46 in epoch 6 (kafka.coordinator.group.GroupCoordinator)
[2026-05-09 08:00:33,571] INFO [GroupMetadataManager brokerId=1] Scheduling loading of offsets and group metadata from __consumer_offsets-46 for epoch 6 (kafka.coordinator.group.GroupMetadataManager)
[2026-05-09 08:00:33,571] INFO [GroupCoordinator 1]: Elected as the group coordinator for partition 9 in epoch 6 (kafka.coordinator.group.GroupCoordinator)
[2026-05-09 08:00:33,571] INFO [GroupMetadataManager brokerId=1] Scheduling loading of offsets and group metadata from __consumer_offsets-9 for epoch 6 (kafka.coordinator.group.GroupMetadataManager)
[2026-05-09 08:00:33,571] INFO [GroupCoordinator 1]: Elected as the group coordinator for partition 42 in epoch 6 (kafka.coordinator.group.GroupCoordinator)
[2026-05-09 08:00:33,571] INFO [GroupMetadataManager brokerId=1] Scheduling loading of offsets and group metadata from __consumer_offsets-42 for epoch 6 (kafka.coordinator.group.GroupMetadataManager)
[2026-05-09 08:00:33,577] INFO [GroupCoordinator 1]: Elected as the group coordinator for partition 21 in epoch 6 (kafka.coordinator.group.GroupCoordinator)
[2026-05-09 08:00:33,578] INFO [GroupMetadataManager brokerId=1] Scheduling loading of offsets and group metadata from __consumer_offsets-21 for epoch 6 (kafka.coordinator.group.GroupMetadataManager)
[2026-05-09 08:00:33,578] INFO [GroupCoordinator 1]: Elected as the group coordinator for partition 17 in epoch 6 (kafka.coordinator.group.GroupCoordinator)
[2026-05-09 08:00:33,578] INFO [GroupMetadataManager brokerId=1] Scheduling loading of offsets and group metadata from __consumer_offsets-17 for epoch 6 (kafka.coordinator.group.GroupMetadataManager)
[2026-05-09 08:00:33,578] INFO [GroupCoordinator 1]: Elected as the group coordinator for partition 30 in epoch 6 (kafka.coordinator.group.GroupCoordinator)
[2026-05-09 08:00:33,579] INFO [GroupMetadataManager brokerId=1] Scheduling loading of offsets and group metadata from __consumer_offsets-30 for epoch 6 (kafka.coordinator.group.GroupMetadataManager)
[2026-05-09 08:00:33,579] INFO [GroupCoordinator 1]: Elected as the group coordinator for partition 26 in epoch 6 (kafka.coordinator.group.GroupCoordinator)
[2026-05-09 08:00:33,579] INFO [GroupMetadataManager brokerId=1] Scheduling loading of offsets and group metadata from __consumer_offsets-26 for epoch 6 (kafka.coordinator.group.GroupMetadataManager)
[2026-05-09 08:00:33,579] INFO [GroupCoordinator 1]: Elected as the group coordinator for partition 5 in epoch 6 (kafka.coordinator.group.GroupCoordinator)
[2026-05-09 08:00:33,579] INFO [GroupMetadataManager brokerId=1] Scheduling loading of offsets and group metadata from __consumer_offsets-5 for epoch 6 (kafka.coordinator.group.GroupMetadataManager)
[2026-05-09 08:00:33,580] INFO [GroupCoordinator 1]: Elected as the group coordinator for partition 38 in epoch 6 (kafka.coordinator.group.GroupCoordinator)
[2026-05-09 08:00:33,580] INFO [GroupMetadataManager brokerId=1] Scheduling loading of offsets and group metadata from __consumer_offsets-38 for epoch 6 (kafka.coordinator.group.GroupMetadataManager)
[2026-05-09 08:00:33,580] INFO [GroupCoordinator 1]: Elected as the group coordinator for partition 1 in epoch 6 (kafka.coordinator.group.GroupCoordinator)
[2026-05-09 08:00:33,580] INFO [GroupMetadataManager brokerId=1] Scheduling loading of offsets and group metadata from __consumer_offsets-1 for epoch 6 (kafka.coordinator.group.GroupMetadataManager)
[2026-05-09 08:00:33,581] INFO [GroupCoordinator 1]: Elected as the group coordinator for partition 34 in epoch 6 (kafka.coordinator.group.GroupCoordinator)
[2026-05-09 08:00:33,581] INFO [GroupMetadataManager brokerId=1] Scheduling loading of offsets and group metadata from __consumer_offsets-34 for epoch 6 (kafka.coordinator.group.GroupMetadataManager)
[2026-05-09 08:00:33,581] INFO [GroupCoordinator 1]: Elected as the group coordinator for partition 16 in epoch 6 (kafka.coordinator.group.GroupCoordinator)
[2026-05-09 08:00:33,581] INFO [GroupMetadataManager brokerId=1] Scheduling loading of offsets and group metadata from __consumer_offsets-16 for epoch 6 (kafka.coordinator.group.GroupMetadataManager)
[2026-05-09 08:00:33,581] INFO [GroupCoordinator 1]: Elected as the group coordinator for partition 45 in epoch 6 (kafka.coordinator.group.GroupCoordinator)
[2026-05-09 08:00:33,581] INFO [GroupMetadataManager brokerId=1] Scheduling loading of offsets and group metadata from __consumer_offsets-45 for epoch 6 (kafka.coordinator.group.GroupMetadataManager)
[2026-05-09 08:00:33,581] INFO [GroupCoordinator 1]: Elected as the group coordinator for partition 12 in epoch 6 (kafka.coordinator.group.GroupCoordinator)
[2026-05-09 08:00:33,583] INFO [GroupMetadataManager brokerId=1] Scheduling loading of offsets and group metadata from __consumer_offsets-12 for epoch 6 (kafka.coordinator.group.GroupMetadataManager)
[2026-05-09 08:00:33,585] INFO [GroupCoordinator 1]: Elected as the group coordinator for partition 41 in epoch 6 (kafka.coordinator.group.GroupCoordinator)
[2026-05-09 08:00:33,585] INFO [GroupMetadataManager brokerId=1] Scheduling loading of offsets and group metadata from __consumer_offsets-41 for epoch 6 (kafka.coordinator.group.GroupMetadataManager)
[2026-05-09 08:00:33,585] INFO [GroupCoordinator 1]: Elected as the group coordinator for partition 24 in epoch 6 (kafka.coordinator.group.GroupCoordinator)
[2026-05-09 08:00:33,586] INFO [GroupMetadataManager brokerId=1] Scheduling loading of offsets and group metadata from __consumer_offsets-24 for epoch 6 (kafka.coordinator.group.GroupMetadataManager)
[2026-05-09 08:00:33,586] INFO [GroupMetadataManager brokerId=1] Finished loading offsets and group metadata from __consumer_offsets-13 in 13 milliseconds for epoch 6, of which 1 milliseconds was spent in the scheduler. (kafka.coordinator.group.GroupMetadataManager)
[2026-05-09 08:00:33,586] INFO [GroupCoordinator 1]: Elected as the group coordinator for partition 20 in epoch 6 (kafka.coordinator.group.GroupCoordinator)
[2026-05-09 08:00:33,586] INFO [GroupMetadataManager brokerId=1] Scheduling loading of offsets and group metadata from __consumer_offsets-20 for epoch 6 (kafka.coordinator.group.GroupMetadataManager)
[2026-05-09 08:00:33,586] INFO [GroupCoordinator 1]: Elected as the group coordinator for partition 49 in epoch 6 (kafka.coordinator.group.GroupCoordinator)
[2026-05-09 08:00:33,586] INFO [GroupMetadataManager brokerId=1] Scheduling loading of offsets and group metadata from __consumer_offsets-49 for epoch 6 (kafka.coordinator.group.GroupMetadataManager)
[2026-05-09 08:00:33,586] INFO [GroupCoordinator 1]: Elected as the group coordinator for partition 0 in epoch 6 (kafka.coordinator.group.GroupCoordinator)
[2026-05-09 08:00:33,586] INFO [GroupMetadataManager brokerId=1] Scheduling loading of offsets and group metadata from __consumer_offsets-0 for epoch 6 (kafka.coordinator.group.GroupMetadataManager)
[2026-05-09 08:00:33,588] INFO [GroupCoordinator 1]: Elected as the group coordinator for partition 29 in epoch 6 (kafka.coordinator.group.GroupCoordinator)
[2026-05-09 08:00:33,588] INFO [GroupMetadataManager brokerId=1] Scheduling loading of offsets and group metadata from __consumer_offsets-29 for epoch 6 (kafka.coordinator.group.GroupMetadataManager)
[2026-05-09 08:00:33,590] INFO [GroupCoordinator 1]: Elected as the group coordinator for partition 25 in epoch 6 (kafka.coordinator.group.GroupCoordinator)
[2026-05-09 08:00:33,594] INFO [GroupMetadataManager brokerId=1] Scheduling loading of offsets and group metadata from __consumer_offsets-25 for epoch 6 (kafka.coordinator.group.GroupMetadataManager)
[2026-05-09 08:00:33,595] INFO [GroupCoordinator 1]: Elected as the group coordinator for partition 8 in epoch 6 (kafka.coordinator.group.GroupCoordinator)
[2026-05-09 08:00:33,595] INFO [GroupMetadataManager brokerId=1] Scheduling loading of offsets and group metadata from __consumer_offsets-8 for epoch 6 (kafka.coordinator.group.GroupMetadataManager)
[2026-05-09 08:00:33,596] INFO [GroupCoordinator 1]: Elected as the group coordinator for partition 37 in epoch 6 (kafka.coordinator.group.GroupCoordinator)
[2026-05-09 08:00:33,596] INFO [GroupMetadataManager brokerId=1] Scheduling loading of offsets and group metadata from __consumer_offsets-37 for epoch 6 (kafka.coordinator.group.GroupMetadataManager)
[2026-05-09 08:00:33,596] INFO [GroupCoordinator 1]: Elected as the group coordinator for partition 4 in epoch 6 (kafka.coordinator.group.GroupCoordinator)
[2026-05-09 08:00:33,596] INFO [GroupMetadataManager brokerId=1] Scheduling loading of offsets and group metadata from __consumer_offsets-4 for epoch 6 (kafka.coordinator.group.GroupMetadataManager)
[2026-05-09 08:00:33,596] INFO [GroupCoordinator 1]: Elected as the group coordinator for partition 33 in epoch 6 (kafka.coordinator.group.GroupCoordinator)
[2026-05-09 08:00:33,596] INFO [GroupMetadataManager brokerId=1] Scheduling loading of offsets and group metadata from __consumer_offsets-33 for epoch 6 (kafka.coordinator.group.GroupMetadataManager)
[2026-05-09 08:00:33,596] INFO [GroupCoordinator 1]: Elected as the group coordinator for partition 15 in epoch 6 (kafka.coordinator.group.GroupCoordinator)
[2026-05-09 08:00:33,596] INFO [GroupMetadataManager brokerId=1] Scheduling loading of offsets and group metadata from __consumer_offsets-15 for epoch 6 (kafka.coordinator.group.GroupMetadataManager)
[2026-05-09 08:00:33,596] INFO [GroupCoordinator 1]: Elected as the group coordinator for partition 48 in epoch 6 (kafka.coordinator.group.GroupCoordinator)
[2026-05-09 08:00:33,598] INFO [GroupMetadataManager brokerId=1] Scheduling loading of offsets and group metadata from __consumer_offsets-48 for epoch 6 (kafka.coordinator.group.GroupMetadataManager)
[2026-05-09 08:00:33,598] INFO [GroupCoordinator 1]: Elected as the group coordinator for partition 11 in epoch 6 (kafka.coordinator.group.GroupCoordinator)
[2026-05-09 08:00:33,598] INFO [GroupMetadataManager brokerId=1] Scheduling loading of offsets and group metadata from __consumer_offsets-11 for epoch 6 (kafka.coordinator.group.GroupMetadataManager)
[2026-05-09 08:00:33,599] INFO [GroupCoordinator 1]: Elected as the group coordinator for partition 44 in epoch 6 (kafka.coordinator.group.GroupCoordinator)
[2026-05-09 08:00:33,599] INFO [GroupMetadataManager brokerId=1] Scheduling loading of offsets and group metadata from __consumer_offsets-44 for epoch 6 (kafka.coordinator.group.GroupMetadataManager)
[2026-05-09 08:00:33,599] INFO [GroupCoordinator 1]: Elected as the group coordinator for partition 23 in epoch 6 (kafka.coordinator.group.GroupCoordinator)
[2026-05-09 08:00:33,599] INFO [GroupMetadataManager brokerId=1] Scheduling loading of offsets and group metadata from __consumer_offsets-23 for epoch 6 (kafka.coordinator.group.GroupMetadataManager)
[2026-05-09 08:00:33,600] INFO [GroupCoordinator 1]: Elected as the group coordinator for partition 19 in epoch 6 (kafka.coordinator.group.GroupCoordinator)
[2026-05-09 08:00:33,602] INFO [GroupMetadataManager brokerId=1] Scheduling loading of offsets and group metadata from __consumer_offsets-19 for epoch 6 (kafka.coordinator.group.GroupMetadataManager)
[2026-05-09 08:00:33,602] INFO [GroupCoordinator 1]: Elected as the group coordinator for partition 32 in epoch 6 (kafka.coordinator.group.GroupCoordinator)
[2026-05-09 08:00:33,602] INFO [GroupMetadataManager brokerId=1] Scheduling loading of offsets and group metadata from __consumer_offsets-32 for epoch 6 (kafka.coordinator.group.GroupMetadataManager)
[2026-05-09 08:00:33,602] INFO [GroupCoordinator 1]: Elected as the group coordinator for partition 28 in epoch 6 (kafka.coordinator.group.GroupCoordinator)
[2026-05-09 08:00:33,603] INFO [GroupMetadataManager brokerId=1] Scheduling loading of offsets and group metadata from __consumer_offsets-28 for epoch 6 (kafka.coordinator.group.GroupMetadataManager)
[2026-05-09 08:00:33,603] INFO [GroupCoordinator 1]: Elected as the group coordinator for partition 7 in epoch 6 (kafka.coordinator.group.GroupCoordinator)
[2026-05-09 08:00:33,603] INFO [GroupMetadataManager brokerId=1] Scheduling loading of offsets and group metadata from __consumer_offsets-7 for epoch 6 (kafka.coordinator.group.GroupMetadataManager)
[2026-05-09 08:00:33,603] INFO [GroupCoordinator 1]: Elected as the group coordinator for partition 40 in epoch 6 (kafka.coordinator.group.GroupCoordinator)
[2026-05-09 08:00:33,603] INFO [GroupMetadataManager brokerId=1] Scheduling loading of offsets and group metadata from __consumer_offsets-40 for epoch 6 (kafka.coordinator.group.GroupMetadataManager)
[2026-05-09 08:00:33,603] INFO [GroupCoordinator 1]: Elected as the group coordinator for partition 3 in epoch 6 (kafka.coordinator.group.GroupCoordinator)
[2026-05-09 08:00:33,603] INFO [GroupMetadataManager brokerId=1] Scheduling loading of offsets and group metadata from __consumer_offsets-3 for epoch 6 (kafka.coordinator.group.GroupMetadataManager)
[2026-05-09 08:00:33,604] INFO [GroupCoordinator 1]: Elected as the group coordinator for partition 36 in epoch 6 (kafka.coordinator.group.GroupCoordinator)
[2026-05-09 08:00:33,604] INFO [GroupMetadataManager brokerId=1] Scheduling loading of offsets and group metadata from __consumer_offsets-36 for epoch 6 (kafka.coordinator.group.GroupMetadataManager)
[2026-05-09 08:00:33,604] INFO [GroupCoordinator 1]: Elected as the group coordinator for partition 47 in epoch 6 (kafka.coordinator.group.GroupCoordinator)
[2026-05-09 08:00:33,604] INFO [GroupMetadataManager brokerId=1] Scheduling loading of offsets and group metadata from __consumer_offsets-47 for epoch 6 (kafka.coordinator.group.GroupMetadataManager)
[2026-05-09 08:00:33,604] INFO [GroupCoordinator 1]: Elected as the group coordinator for partition 14 in epoch 6 (kafka.coordinator.group.GroupCoordinator)
[2026-05-09 08:00:33,609] INFO [GroupMetadataManager brokerId=1] Scheduling loading of offsets and group metadata from __consumer_offsets-14 for epoch 6 (kafka.coordinator.group.GroupMetadataManager)
[2026-05-09 08:00:33,609] INFO [GroupCoordinator 1]: Elected as the group coordinator for partition 43 in epoch 6 (kafka.coordinator.group.GroupCoordinator)
[2026-05-09 08:00:33,609] INFO [GroupMetadataManager brokerId=1] Scheduling loading of offsets and group metadata from __consumer_offsets-43 for epoch 6 (kafka.coordinator.group.GroupMetadataManager)
[2026-05-09 08:00:33,609] INFO [GroupCoordinator 1]: Elected as the group coordinator for partition 10 in epoch 6 (kafka.coordinator.group.GroupCoordinator)
[2026-05-09 08:00:33,609] INFO [GroupMetadataManager brokerId=1] Scheduling loading of offsets and group metadata from __consumer_offsets-10 for epoch 6 (kafka.coordinator.group.GroupMetadataManager)
[2026-05-09 08:00:33,609] INFO [GroupCoordinator 1]: Elected as the group coordinator for partition 22 in epoch 6 (kafka.coordinator.group.GroupCoordinator)
[2026-05-09 08:00:33,609] INFO [GroupMetadataManager brokerId=1] Scheduling loading of offsets and group metadata from __consumer_offsets-22 for epoch 6 (kafka.coordinator.group.GroupMetadataManager)
[2026-05-09 08:00:33,609] INFO [GroupCoordinator 1]: Elected as the group coordinator for partition 18 in epoch 6 (kafka.coordinator.group.GroupCoordinator)
[2026-05-09 08:00:33,609] INFO [GroupMetadataManager brokerId=1] Scheduling loading of offsets and group metadata from __consumer_offsets-18 for epoch 6 (kafka.coordinator.group.GroupMetadataManager)
[2026-05-09 08:00:33,612] INFO [GroupCoordinator 1]: Elected as the group coordinator for partition 31 in epoch 6 (kafka.coordinator.group.GroupCoordinator)
[2026-05-09 08:00:33,614] INFO [GroupMetadataManager brokerId=1] Scheduling loading of offsets and group metadata from __consumer_offsets-31 for epoch 6 (kafka.coordinator.group.GroupMetadataManager)
[2026-05-09 08:00:33,614] INFO [GroupCoordinator 1]: Elected as the group coordinator for partition 27 in epoch 6 (kafka.coordinator.group.GroupCoordinator)
[2026-05-09 08:00:33,615] INFO [GroupMetadataManager brokerId=1] Scheduling loading of offsets and group metadata from __consumer_offsets-27 for epoch 6 (kafka.coordinator.group.GroupMetadataManager)
[2026-05-09 08:00:33,615] INFO [GroupCoordinator 1]: Elected as the group coordinator for partition 39 in epoch 6 (kafka.coordinator.group.GroupCoordinator)
[2026-05-09 08:00:33,615] INFO [GroupMetadataManager brokerId=1] Scheduling loading of offsets and group metadata from __consumer_offsets-39 for epoch 6 (kafka.coordinator.group.GroupMetadataManager)
[2026-05-09 08:00:33,615] INFO [GroupCoordinator 1]: Elected as the group coordinator for partition 6 in epoch 6 (kafka.coordinator.group.GroupCoordinator)
[2026-05-09 08:00:33,615] INFO [GroupMetadataManager brokerId=1] Scheduling loading of offsets and group metadata from __consumer_offsets-6 for epoch 6 (kafka.coordinator.group.GroupMetadataManager)
[2026-05-09 08:00:33,615] INFO [GroupCoordinator 1]: Elected as the group coordinator for partition 35 in epoch 6 (kafka.coordinator.group.GroupCoordinator)
[2026-05-09 08:00:33,615] INFO [GroupMetadataManager brokerId=1] Scheduling loading of offsets and group metadata from __consumer_offsets-35 for epoch 6 (kafka.coordinator.group.GroupMetadataManager)
[2026-05-09 08:00:33,615] INFO [GroupCoordinator 1]: Elected as the group coordinator for partition 2 in epoch 6 (kafka.coordinator.group.GroupCoordinator)
[2026-05-09 08:00:33,615] INFO [GroupMetadataManager brokerId=1] Scheduling loading of offsets and group metadata from __consumer_offsets-2 for epoch 6 (kafka.coordinator.group.GroupMetadataManager)
[2026-05-09 08:00:33,629] INFO Loaded member MemberMetadata(memberId=console-consumer-ba5fbaca-cda4-459e-b931-dd78d08666e3, groupInstanceId=None, clientId=console-consumer, clientHost=/127.0.0.1, sessionTimeoutMs=45000, rebalanceTimeoutMs=300000, supportedProtocols=List(range)) in group console-consumer-90637 with generation 1. (kafka.coordinator.group.GroupMetadata$)
[2026-05-09 08:00:33,631] INFO [DynamicConfigPublisher broker id=1] Updating topic __consumer_offsets with new configuration : cleanup.policy -> compact,segment.bytes -> 104857600,compression.type -> producer (kafka.server.metadata.DynamicConfigPublisher)
[2026-05-09 08:00:33,645] INFO [GroupMetadataManager brokerId=1] Finished loading offsets and group metadata from __consumer_offsets-46 in 74 milliseconds for epoch 6, of which 15 milliseconds was spent in the scheduler. (kafka.coordinator.group.GroupMetadataManager)
[2026-05-09 08:00:33,647] INFO [GroupMetadataManager brokerId=1] Finished loading offsets and group metadata from __consumer_offsets-9 in 76 milliseconds for epoch 6, of which 75 milliseconds was spent in the scheduler. (kafka.coordinator.group.GroupMetadataManager)
[2026-05-09 08:00:33,648] INFO [GroupMetadataManager brokerId=1] Finished loading offsets and group metadata from __consumer_offsets-42 in 71 milliseconds for epoch 6, of which 71 milliseconds was spent in the scheduler. (kafka.coordinator.group.GroupMetadataManager)
[2026-05-09 08:00:33,649] INFO [GroupMetadataManager brokerId=1] Finished loading offsets and group metadata from __consumer_offsets-21 in 71 milliseconds for epoch 6, of which 70 milliseconds was spent in the scheduler. (kafka.coordinator.group.GroupMetadataManager)
[2026-05-09 08:00:33,649] INFO [GroupMetadataManager brokerId=1] Finished loading offsets and group metadata from __consumer_offsets-17 in 71 milliseconds for epoch 6, of which 71 milliseconds was spent in the scheduler. (kafka.coordinator.group.GroupMetadataManager)
[2026-05-09 08:00:33,649] INFO [GroupMetadataManager brokerId=1] Finished loading offsets and group metadata from __consumer_offsets-30 in 70 milliseconds for epoch 6, of which 70 milliseconds was spent in the scheduler. (kafka.coordinator.group.GroupMetadataManager)
[2026-05-09 08:00:33,652] INFO [MetadataLoader id=1] InitializeNewPublishers: initializing BrokerRegistrationTracker(id=1) with a snapshot at offset 21442 (org.apache.kafka.image.loader.MetadataLoader)
[2026-05-09 08:00:33,652] INFO [GroupMetadataManager brokerId=1] Finished loading offsets and group metadata from __consumer_offsets-26 in 73 milliseconds for epoch 6, of which 73 milliseconds was spent in the scheduler. (kafka.coordinator.group.GroupMetadataManager)
[2026-05-09 08:00:33,654] INFO [GroupMetadataManager brokerId=1] Finished loading offsets and group metadata from __consumer_offsets-5 in 74 milliseconds for epoch 6, of which 74 milliseconds was spent in the scheduler. (kafka.coordinator.group.GroupMetadataManager)
[2026-05-09 08:00:33,655] INFO [GroupMetadataManager brokerId=1] Finished loading offsets and group metadata from __consumer_offsets-38 in 75 milliseconds for epoch 6, of which 75 milliseconds was spent in the scheduler. (kafka.coordinator.group.GroupMetadataManager)
[2026-05-09 08:00:33,658] INFO [GroupMetadataManager brokerId=1] Finished loading offsets and group metadata from __consumer_offsets-1 in 77 milliseconds for epoch 6, of which 76 milliseconds was spent in the scheduler. (kafka.coordinator.group.GroupMetadataManager)
[2026-05-09 08:00:33,661] INFO [GroupMetadataManager brokerId=1] Finished loading offsets and group metadata from __consumer_offsets-34 in 80 milliseconds for epoch 6, of which 80 milliseconds was spent in the scheduler. (kafka.coordinator.group.GroupMetadataManager)
[2026-05-09 08:00:33,662] INFO [GroupMetadataManager brokerId=1] Finished loading offsets and group metadata from __consumer_offsets-16 in 81 milliseconds for epoch 6, of which 80 milliseconds was spent in the scheduler. (kafka.coordinator.group.GroupMetadataManager)
[2026-05-09 08:00:33,662] INFO [GroupMetadataManager brokerId=1] Finished loading offsets and group metadata from __consumer_offsets-45 in 81 milliseconds for epoch 6, of which 81 milliseconds was spent in the scheduler. (kafka.coordinator.group.GroupMetadataManager)
[2026-05-09 08:00:33,663] INFO [GroupMetadataManager brokerId=1] Finished loading offsets and group metadata from __consumer_offsets-12 in 78 milliseconds for epoch 6, of which 78 milliseconds was spent in the scheduler. (kafka.coordinator.group.GroupMetadataManager)
[2026-05-09 08:00:33,666] INFO Loaded member MemberMetadata(memberId=console-consumer-c4b7e8a9-e907-4647-86eb-428eed452fd5, groupInstanceId=None, clientId=console-consumer, clientHost=/127.0.0.1, sessionTimeoutMs=45000, rebalanceTimeoutMs=300000, supportedProtocols=List(range)) in group console-consumer-26138 with generation 1. (kafka.coordinator.group.GroupMetadata$)
[2026-05-09 08:00:33,669] INFO [GroupMetadataManager brokerId=1] Finished loading offsets and group metadata from __consumer_offsets-41 in 84 milliseconds for epoch 6, of which 79 milliseconds was spent in the scheduler. (kafka.coordinator.group.GroupMetadataManager)
[2026-05-09 08:00:33,670] INFO [GroupMetadataManager brokerId=1] Finished loading offsets and group metadata from __consumer_offsets-24 in 84 milliseconds for epoch 6, of which 83 milliseconds was spent in the scheduler. (kafka.coordinator.group.GroupMetadataManager)
[2026-05-09 08:00:33,670] INFO [GroupMetadataManager brokerId=1] Finished loading offsets and group metadata from __consumer_offsets-20 in 84 milliseconds for epoch 6, of which 84 milliseconds was spent in the scheduler. (kafka.coordinator.group.GroupMetadataManager)
[2026-05-09 08:00:33,671] INFO [GroupMetadataManager brokerId=1] Finished loading offsets and group metadata from __consumer_offsets-49 in 85 milliseconds for epoch 6, of which 85 milliseconds was spent in the scheduler. (kafka.coordinator.group.GroupMetadataManager)
[2026-05-09 08:00:33,673] INFO [GroupMetadataManager brokerId=1] Finished loading offsets and group metadata from __consumer_offsets-0 in 85 milliseconds for epoch 6, of which 84 milliseconds was spent in the scheduler. (kafka.coordinator.group.GroupMetadataManager)
[2026-05-09 08:00:33,678] INFO Loaded member MemberMetadata(memberId=console-consumer-a18d47c1-2685-4602-bb5d-5d4bb6927514, groupInstanceId=None, clientId=console-consumer, clientHost=/127.0.0.1, sessionTimeoutMs=45000, rebalanceTimeoutMs=300000, supportedProtocols=List(range)) in group console-consumer-88598 with generation 1. (kafka.coordinator.group.GroupMetadata$)
[2026-05-09 08:00:33,681] INFO [GroupCoordinator 1]: Loading group metadata for console-consumer-88598 with generation 1 (kafka.coordinator.group.GroupCoordinator)
[2026-05-09 08:00:33,695] INFO [GroupMetadataManager brokerId=1] Finished loading offsets and group metadata from __consumer_offsets-29 in 105 milliseconds for epoch 6, of which 87 milliseconds was spent in the scheduler. (kafka.coordinator.group.GroupMetadataManager)
[2026-05-09 08:00:33,698] INFO Loaded member MemberMetadata(memberId=console-consumer-ef255916-b6af-4d62-82d7-9566af2475fe, groupInstanceId=None, clientId=console-consumer, clientHost=/127.0.0.1, sessionTimeoutMs=45000, rebalanceTimeoutMs=300000, supportedProtocols=List(range)) in group console-consumer-93075 with generation 1. (kafka.coordinator.group.GroupMetadata$)
[2026-05-09 08:00:33,698] INFO Loaded member MemberMetadata(memberId=console-consumer-2b998dbe-bd11-4133-95c4-1c6eaf27d9bf, groupInstanceId=None, clientId=console-consumer, clientHost=/127.0.0.1, sessionTimeoutMs=45000, rebalanceTimeoutMs=300000, supportedProtocols=List(range)) in group console-consumer-93075 with generation 3. (kafka.coordinator.group.GroupMetadata$)
[2026-05-09 08:00:33,699] INFO Loaded member MemberMetadata(memberId=console-consumer-aafd2665-899b-49f2-ac9f-957d26d2ea71, groupInstanceId=None, clientId=console-consumer, clientHost=/127.0.0.1, sessionTimeoutMs=45000, rebalanceTimeoutMs=300000, supportedProtocols=List(range)) in group console-consumer-93075 with generation 5. (kafka.coordinator.group.GroupMetadata$)
[2026-05-09 08:00:33,699] INFO [GroupMetadataManager brokerId=1] Finished loading offsets and group metadata from __consumer_offsets-25 in 104 milliseconds for epoch 6, of which 100 milliseconds was spent in the scheduler. (kafka.coordinator.group.GroupMetadataManager)
[2026-05-09 08:00:33,699] INFO [GroupMetadataManager brokerId=1] Finished loading offsets and group metadata from __consumer_offsets-8 in 104 milliseconds for epoch 6, of which 104 milliseconds was spent in the scheduler. (kafka.coordinator.group.GroupMetadataManager)
[2026-05-09 08:00:33,699] INFO [GroupMetadataManager brokerId=1] Finished loading offsets and group metadata from __consumer_offsets-37 in 103 milliseconds for epoch 6, of which 103 milliseconds was spent in the scheduler. (kafka.coordinator.group.GroupMetadataManager)
[2026-05-09 08:00:33,702] INFO [GroupMetadataManager brokerId=1] Finished loading offsets and group metadata from __consumer_offsets-4 in 106 milliseconds for epoch 6, of which 106 milliseconds was spent in the scheduler. (kafka.coordinator.group.GroupMetadataManager)
[2026-05-09 08:00:33,703] INFO [GroupMetadataManager brokerId=1] Finished loading offsets and group metadata from __consumer_offsets-33 in 107 milliseconds for epoch 6, of which 106 milliseconds was spent in the scheduler. (kafka.coordinator.group.GroupMetadataManager)
[2026-05-09 08:00:33,703] INFO [GroupMetadataManager brokerId=1] Finished loading offsets and group metadata from __consumer_offsets-15 in 107 milliseconds for epoch 6, of which 107 milliseconds was spent in the scheduler. (kafka.coordinator.group.GroupMetadataManager)
[2026-05-09 08:00:33,703] INFO [GroupMetadataManager brokerId=1] Finished loading offsets and group metadata from __consumer_offsets-48 in 105 milliseconds for epoch 6, of which 105 milliseconds was spent in the scheduler. (kafka.coordinator.group.GroupMetadataManager)
[2026-05-09 08:00:33,704] INFO [GroupMetadataManager brokerId=1] Finished loading offsets and group metadata from __consumer_offsets-11 in 105 milliseconds for epoch 6, of which 104 milliseconds was spent in the scheduler. (kafka.coordinator.group.GroupMetadataManager)
[2026-05-09 08:00:33,704] INFO [GroupMetadataManager brokerId=1] Finished loading offsets and group metadata from __consumer_offsets-44 in 105 milliseconds for epoch 6, of which 105 milliseconds was spent in the scheduler. (kafka.coordinator.group.GroupMetadataManager)
[2026-05-09 08:00:33,704] INFO [GroupMetadataManager brokerId=1] Finished loading offsets and group metadata from __consumer_offsets-23 in 104 milliseconds for epoch 6, of which 104 milliseconds was spent in the scheduler. (kafka.coordinator.group.GroupMetadataManager)
[2026-05-09 08:00:33,705] INFO [GroupMetadataManager brokerId=1] Finished loading offsets and group metadata from __consumer_offsets-19 in 103 milliseconds for epoch 6, of which 103 milliseconds was spent in the scheduler. (kafka.coordinator.group.GroupMetadataManager)
[2026-05-09 08:00:33,706] INFO [GroupMetadataManager brokerId=1] Finished loading offsets and group metadata from __consumer_offsets-32 in 104 milliseconds for epoch 6, of which 103 milliseconds was spent in the scheduler. (kafka.coordinator.group.GroupMetadataManager)
[2026-05-09 08:00:33,706] INFO [GroupMetadataManager brokerId=1] Finished loading offsets and group metadata from __consumer_offsets-28 in 103 milliseconds for epoch 6, of which 103 milliseconds was spent in the scheduler. (kafka.coordinator.group.GroupMetadataManager)
[2026-05-09 08:00:33,707] INFO [GroupMetadataManager brokerId=1] Finished loading offsets and group metadata from __consumer_offsets-7 in 104 milliseconds for epoch 6, of which 104 milliseconds was spent in the scheduler. (kafka.coordinator.group.GroupMetadataManager)
[2026-05-09 08:00:33,708] INFO [GroupMetadataManager brokerId=1] Finished loading offsets and group metadata from __consumer_offsets-40 in 105 milliseconds for epoch 6, of which 105 milliseconds was spent in the scheduler. (kafka.coordinator.group.GroupMetadataManager)
[2026-05-09 08:00:33,714] INFO Loaded member MemberMetadata(memberId=console-consumer-85166378-b7de-4765-be59-18363d3f10ca, groupInstanceId=None, clientId=console-consumer, clientHost=/127.0.0.1, sessionTimeoutMs=45000, rebalanceTimeoutMs=300000, supportedProtocols=List(range)) in group console-consumer-55039 with generation 1. (kafka.coordinator.group.GroupMetadata$)
[2026-05-09 08:00:33,715] INFO [GroupMetadataManager brokerId=1] Finished loading offsets and group metadata from __consumer_offsets-3 in 111 milliseconds for epoch 6, of which 106 milliseconds was spent in the scheduler. (kafka.coordinator.group.GroupMetadataManager)
[2026-05-09 08:00:33,715] INFO [GroupMetadataManager brokerId=1] Finished loading offsets and group metadata from __consumer_offsets-36 in 111 milliseconds for epoch 6, of which 111 milliseconds was spent in the scheduler. (kafka.coordinator.group.GroupMetadataManager)
[2026-05-09 08:00:33,717] INFO [GroupMetadataManager brokerId=1] Finished loading offsets and group metadata from __consumer_offsets-47 in 113 milliseconds for epoch 6, of which 113 milliseconds was spent in the scheduler. (kafka.coordinator.group.GroupMetadataManager)
[2026-05-09 08:00:33,717] INFO [GroupMetadataManager brokerId=1] Finished loading offsets and group metadata from __consumer_offsets-14 in 108 milliseconds for epoch 6, of which 108 milliseconds was spent in the scheduler. (kafka.coordinator.group.GroupMetadataManager)
[2026-05-09 08:00:33,717] INFO [GroupMetadataManager brokerId=1] Finished loading offsets and group metadata from __consumer_offsets-43 in 108 milliseconds for epoch 6, of which 108 milliseconds was spent in the scheduler. (kafka.coordinator.group.GroupMetadataManager)
[2026-05-09 08:00:33,717] INFO [GroupMetadataManager brokerId=1] Finished loading offsets and group metadata from __consumer_offsets-10 in 108 milliseconds for epoch 6, of which 108 milliseconds was spent in the scheduler. (kafka.coordinator.group.GroupMetadataManager)
[2026-05-09 08:00:33,717] INFO [GroupMetadataManager brokerId=1] Finished loading offsets and group metadata from __consumer_offsets-22 in 108 milliseconds for epoch 6, of which 108 milliseconds was spent in the scheduler. (kafka.coordinator.group.GroupMetadataManager)
[2026-05-09 08:00:33,719] INFO [GroupMetadataManager brokerId=1] Finished loading offsets and group metadata from __consumer_offsets-18 in 107 milliseconds for epoch 6, of which 107 milliseconds was spent in the scheduler. (kafka.coordinator.group.GroupMetadataManager)
[2026-05-09 08:00:33,719] INFO [GroupMetadataManager brokerId=1] Finished loading offsets and group metadata from __consumer_offsets-31 in 105 milliseconds for epoch 6, of which 105 milliseconds was spent in the scheduler. (kafka.coordinator.group.GroupMetadataManager)
[2026-05-09 08:00:33,719] INFO [GroupMetadataManager brokerId=1] Finished loading offsets and group metadata from __consumer_offsets-27 in 104 milliseconds for epoch 6, of which 104 milliseconds was spent in the scheduler. (kafka.coordinator.group.GroupMetadataManager)
[2026-05-09 08:00:33,720] INFO Loaded member MemberMetadata(memberId=console-consumer-6fff63d8-feee-4358-b948-9683d1ea5ee2, groupInstanceId=None, clientId=console-consumer, clientHost=/127.0.0.1, sessionTimeoutMs=45000, rebalanceTimeoutMs=300000, supportedProtocols=List(range)) in group console-consumer-27892 with generation 1. (kafka.coordinator.group.GroupMetadata$)
[2026-05-09 08:00:33,720] INFO [GroupMetadataManager brokerId=1] Finished loading offsets and group metadata from __consumer_offsets-39 in 105 milliseconds for epoch 6, of which 104 milliseconds was spent in the scheduler. (kafka.coordinator.group.GroupMetadataManager)
[2026-05-09 08:00:33,722] INFO [GroupMetadataManager brokerId=1] Finished loading offsets and group metadata from __consumer_offsets-6 in 107 milliseconds for epoch 6, of which 105 milliseconds was spent in the scheduler. (kafka.coordinator.group.GroupMetadataManager)
[2026-05-09 08:00:33,723] INFO [GroupMetadataManager brokerId=1] Finished loading offsets and group metadata from __consumer_offsets-35 in 108 milliseconds for epoch 6, of which 107 milliseconds was spent in the scheduler. (kafka.coordinator.group.GroupMetadataManager)
[2026-05-09 08:00:33,725] INFO Loaded member MemberMetadata(memberId=console-consumer-8829ba43-062a-4ec9-8c17-0073ddfd6f9b, groupInstanceId=None, clientId=console-consumer, clientHost=/127.0.0.1, sessionTimeoutMs=45000, rebalanceTimeoutMs=300000, supportedProtocols=List(range)) in group console-consumer-81697 with generation 1. (kafka.coordinator.group.GroupMetadata$)
[2026-05-09 08:00:33,726] INFO [GroupMetadataManager brokerId=1] Finished loading offsets and group metadata from __consumer_offsets-2 in 111 milliseconds for epoch 6, of which 108 milliseconds was spent in the scheduler. (kafka.coordinator.group.GroupMetadataManager)
[2026-05-09 08:00:35,286] INFO [BrokerLifecycleManager id=1] Unable to register broker 1 because the controller returned error DUPLICATE_BROKER_REGISTRATION (kafka.server.BrokerLifecycleManager)
[2026-05-09 08:00:37,302] INFO [BrokerLifecycleManager id=1] Unable to register broker 1 because the controller returned error DUPLICATE_BROKER_REGISTRATION (kafka.server.BrokerLifecycleManager)
[2026-05-09 08:00:39,317] INFO [BrokerLifecycleManager id=1] Unable to register broker 1 because the controller returned error DUPLICATE_BROKER_REGISTRATION (kafka.server.BrokerLifecycleManager)
[2026-05-09 08:00:41,383] INFO [BrokerLifecycleManager id=1] Successfully registered broker 1 with broker epoch 21463 (kafka.server.BrokerLifecycleManager)
[2026-05-09 08:00:41,408] INFO [BrokerLifecycleManager id=1] The broker has caught up. Transitioning from STARTING to RECOVERY. (kafka.server.BrokerLifecycleManager)
[2026-05-09 08:00:41,410] INFO [BrokerServer id=1] Finished waiting for the controller to acknowledge that we are caught up (kafka.server.BrokerServer)
[2026-05-09 08:00:41,410] INFO [BrokerServer id=1] Waiting for the initial broker metadata update to be published (kafka.server.BrokerServer)
[2026-05-09 08:00:41,410] INFO [BrokerServer id=1] Finished waiting for the initial broker metadata update to be published (kafka.server.BrokerServer)
[2026-05-09 08:00:41,410] INFO KafkaConfig values: 
	advertised.listeners = PLAINTEXT://localhost:9092,CONTROLLER://localhost:9093
	alter.config.policy.class.name = null
	alter.config.policy.kraft.compatibility.enable = false
	alter.log.dirs.replication.quota.window.num = 11
	alter.log.dirs.replication.quota.window.size.seconds = 1
	authorizer.class.name = 
	auto.create.topics.enable = true
	auto.include.jmx.reporter = true
	auto.leader.rebalance.enable = true
	background.threads = 10
	broker.heartbeat.interval.ms = 2000
	broker.id = 1
	broker.id.generation.enable = true
	broker.rack = null
	broker.session.timeout.ms = 9000
	client.quota.callback.class = null
	compression.gzip.level = -1
	compression.lz4.level = 9
	compression.type = producer
	compression.zstd.level = 3
	connection.failed.authentication.delay.ms = 100
	connections.max.idle.ms = 600000
	connections.max.reauth.ms = 0
	control.plane.listener.name = null
	controlled.shutdown.enable = true
	controlled.shutdown.max.retries = 3
	controlled.shutdown.retry.backoff.ms = 5000
	controller.listener.names = CONTROLLER
	controller.quorum.append.linger.ms = 25
	controller.quorum.bootstrap.servers = []
	controller.quorum.election.backoff.max.ms = 1000
	controller.quorum.election.timeout.ms = 1000
	controller.quorum.fetch.timeout.ms = 2000
	controller.quorum.request.timeout.ms = 2000
	controller.quorum.retry.backoff.ms = 20
	controller.quorum.voters = [1@localhost:9093]
	controller.quota.window.num = 11
	controller.quota.window.size.seconds = 1
	controller.socket.timeout.ms = 30000
	create.topic.policy.class.name = null
	default.replication.factor = 1
	delegation.token.expiry.check.interval.ms = 3600000
	delegation.token.expiry.time.ms = 86400000
	delegation.token.master.key = null
	delegation.token.max.lifetime.ms = 604800000
	delegation.token.secret.key = null
	delete.records.purgatory.purge.interval.requests = 1
	delete.topic.enable = true
	early.start.listeners = null
	eligible.leader.replicas.enable = false
	fetch.max.bytes = 57671680
	fetch.purgatory.purge.interval.requests = 1000
	group.consumer.assignors = [org.apache.kafka.coordinator.group.assignor.UniformAssignor, org.apache.kafka.coordinator.group.assignor.RangeAssignor]
	group.consumer.heartbeat.interval.ms = 5000
	group.consumer.max.heartbeat.interval.ms = 15000
	group.consumer.max.session.timeout.ms = 60000
	group.consumer.max.size = 2147483647
	group.consumer.migration.policy = disabled
	group.consumer.min.heartbeat.interval.ms = 5000
	group.consumer.min.session.timeout.ms = 45000
	group.consumer.session.timeout.ms = 45000
	group.coordinator.append.linger.ms = 10
	group.coordinator.new.enable = false
	group.coordinator.rebalance.protocols = [classic]
	group.coordinator.threads = 1
	group.initial.rebalance.delay.ms = 3000
	group.max.session.timeout.ms = 1800000
	group.max.size = 2147483647
	group.min.session.timeout.ms = 6000
	group.share.delivery.count.limit = 5
	group.share.enable = false
	group.share.heartbeat.interval.ms = 5000
	group.share.max.groups = 10
	group.share.max.heartbeat.interval.ms = 15000
	group.share.max.record.lock.duration.ms = 60000
	group.share.max.session.timeout.ms = 60000
	group.share.max.size = 200
	group.share.min.heartbeat.interval.ms = 5000
	group.share.min.record.lock.duration.ms = 15000
	group.share.min.session.timeout.ms = 45000
	group.share.partition.max.record.locks = 200
	group.share.record.lock.duration.ms = 30000
	group.share.session.timeout.ms = 45000
	initial.broker.registration.timeout.ms = 60000
	inter.broker.listener.name = PLAINTEXT
	inter.broker.protocol.version = 3.9-IV0
	kafka.metrics.polling.interval.secs = 10
	kafka.metrics.reporters = []
	leader.imbalance.check.interval.seconds = 300
	leader.imbalance.per.broker.percentage = 10
	listener.security.protocol.map = CONTROLLER:PLAINTEXT,PLAINTEXT:PLAINTEXT,SSL:SSL,SASL_PLAINTEXT:SASL_PLAINTEXT,SASL_SSL:SASL_SSL
	listeners = PLAINTEXT://:9092,CONTROLLER://:9093
	log.cleaner.backoff.ms = 15000
	log.cleaner.dedupe.buffer.size = 134217728
	log.cleaner.delete.retention.ms = 86400000
	log.cleaner.enable = true
	log.cleaner.io.buffer.load.factor = 0.9
	log.cleaner.io.buffer.size = 524288
	log.cleaner.io.max.bytes.per.second = 1.7976931348623157E308
	log.cleaner.max.compaction.lag.ms = 9223372036854775807
	log.cleaner.min.cleanable.ratio = 0.5
	log.cleaner.min.compaction.lag.ms = 0
	log.cleaner.threads = 1
	log.cleanup.policy = [delete]
	log.dir = /tmp/kafka-logs
	log.dir.failure.timeout.ms = 30000
	log.dirs = C:/kafka/tmp/kraft-combined-logs
	log.flush.interval.messages = 9223372036854775807
	log.flush.interval.ms = null
	log.flush.offset.checkpoint.interval.ms = 60000
	log.flush.scheduler.interval.ms = 9223372036854775807
	log.flush.start.offset.checkpoint.interval.ms = 60000
	log.index.interval.bytes = 4096
	log.index.size.max.bytes = 10485760
	log.initial.task.delay.ms = 30000
	log.local.retention.bytes = -2
	log.local.retention.ms = -2
	log.message.downconversion.enable = true
	log.message.format.version = 3.0-IV1
	log.message.timestamp.after.max.ms = 9223372036854775807
	log.message.timestamp.before.max.ms = 9223372036854775807
	log.message.timestamp.difference.max.ms = 9223372036854775807
	log.message.timestamp.type = CreateTime
	log.preallocate = false
	log.retention.bytes = -1
	log.retention.check.interval.ms = 300000
	log.retention.hours = 168
	log.retention.minutes = null
	log.retention.ms = null
	log.roll.hours = 168
	log.roll.jitter.hours = 0
	log.roll.jitter.ms = null
	log.roll.ms = null
	log.segment.bytes = 1073741824
	log.segment.delete.delay.ms = 60000
	max.connection.creation.rate = 2147483647
	max.connections = 2147483647
	max.connections.per.ip = 2147483647
	max.connections.per.ip.overrides = 
	max.incremental.fetch.session.cache.slots = 1000
	max.request.partition.size.limit = 2000
	message.max.bytes = 1048588
	metadata.log.dir = null
	metadata.log.max.record.bytes.between.snapshots = 20971520
	metadata.log.max.snapshot.interval.ms = 3600000
	metadata.log.segment.bytes = 1073741824
	metadata.log.segment.min.bytes = 8388608
	metadata.log.segment.ms = 604800000
	metadata.max.idle.interval.ms = 500
	metadata.max.retention.bytes = 104857600
	metadata.max.retention.ms = 604800000
	metric.reporters = []
	metrics.num.samples = 2
	metrics.recording.level = INFO
	metrics.sample.window.ms = 30000
	min.insync.replicas = 1
	node.id = 1
	num.io.threads = 8
	num.network.threads = 3
	num.partitions = 1
	num.recovery.threads.per.data.dir = 1
	num.replica.alter.log.dirs.threads = null
	num.replica.fetchers = 1
	offset.metadata.max.bytes = 4096
	offsets.commit.required.acks = -1
	offsets.commit.timeout.ms = 5000
	offsets.load.buffer.size = 5242880
	offsets.retention.check.interval.ms = 600000
	offsets.retention.minutes = 10080
	offsets.topic.compression.codec = 0
	offsets.topic.num.partitions = 50
	offsets.topic.replication.factor = 1
	offsets.topic.segment.bytes = 104857600
	password.encoder.cipher.algorithm = AES/CBC/PKCS5Padding
	password.encoder.iterations = 4096
	password.encoder.key.length = 128
	password.encoder.keyfactory.algorithm = null
	password.encoder.old.secret = null
	password.encoder.secret = null
	principal.builder.class = class org.apache.kafka.common.security.authenticator.DefaultKafkaPrincipalBuilder
	process.roles = [broker, controller]
	producer.id.expiration.check.interval.ms = 600000
	producer.id.expiration.ms = 86400000
	producer.purgatory.purge.interval.requests = 1000
	queued.max.request.bytes = -1
	queued.max.requests = 500
	quota.window.num = 11
	quota.window.size.seconds = 1
	remote.fetch.max.wait.ms = 500
	remote.log.index.file.cache.total.size.bytes = 1073741824
	remote.log.manager.copier.thread.pool.size = -1
	remote.log.manager.copy.max.bytes.per.second = 9223372036854775807
	remote.log.manager.copy.quota.window.num = 11
	remote.log.manager.copy.quota.window.size.seconds = 1
	remote.log.manager.expiration.thread.pool.size = -1
	remote.log.manager.fetch.max.bytes.per.second = 9223372036854775807
	remote.log.manager.fetch.quota.window.num = 11
	remote.log.manager.fetch.quota.window.size.seconds = 1
	remote.log.manager.task.interval.ms = 30000
	remote.log.manager.task.retry.backoff.max.ms = 30000
	remote.log.manager.task.retry.backoff.ms = 500
	remote.log.manager.task.retry.jitter = 0.2
	remote.log.manager.thread.pool.size = 10
	remote.log.metadata.custom.metadata.max.bytes = 128
	remote.log.metadata.manager.class.name = org.apache.kafka.server.log.remote.metadata.storage.TopicBasedRemoteLogMetadataManager
	remote.log.metadata.manager.class.path = null
	remote.log.metadata.manager.impl.prefix = rlmm.config.
	remote.log.metadata.manager.listener.name = null
	remote.log.reader.max.pending.tasks = 100
	remote.log.reader.threads = 10
	remote.log.storage.manager.class.name = null
	remote.log.storage.manager.class.path = null
	remote.log.storage.manager.impl.prefix = rsm.config.
	remote.log.storage.system.enable = false
	replica.fetch.backoff.ms = 1000
	replica.fetch.max.bytes = 1048576
	replica.fetch.min.bytes = 1
	replica.fetch.response.max.bytes = 10485760
	replica.fetch.wait.max.ms = 500
	replica.high.watermark.checkpoint.interval.ms = 5000
	replica.lag.time.max.ms = 30000
	replica.selector.class = null
	replica.socket.receive.buffer.bytes = 65536
	replica.socket.timeout.ms = 30000
	replication.quota.window.num = 11
	replication.quota.window.size.seconds = 1
	request.timeout.ms = 30000
	reserved.broker.max.id = 1000
	sasl.client.callback.handler.class = null
	sasl.enabled.mechanisms = [GSSAPI]
	sasl.jaas.config = null
	sasl.kerberos.kinit.cmd = /usr/bin/kinit
	sasl.kerberos.min.time.before.relogin = 60000
	sasl.kerberos.principal.to.local.rules = [DEFAULT]
	sasl.kerberos.service.name = null
	sasl.kerberos.ticket.renew.jitter = 0.05
	sasl.kerberos.ticket.renew.window.factor = 0.8
	sasl.login.callback.handler.class = null
	sasl.login.class = null
	sasl.login.connect.timeout.ms = null
	sasl.login.read.timeout.ms = null
	sasl.login.refresh.buffer.seconds = 300
	sasl.login.refresh.min.period.seconds = 60
	sasl.login.refresh.window.factor = 0.8
	sasl.login.refresh.window.jitter = 0.05
	sasl.login.retry.backoff.max.ms = 10000
	sasl.login.retry.backoff.ms = 100
	sasl.mechanism.controller.protocol = GSSAPI
	sasl.mechanism.inter.broker.protocol = GSSAPI
	sasl.oauthbearer.clock.skew.seconds = 30
	sasl.oauthbearer.expected.audience = null
	sasl.oauthbearer.expected.issuer = null
	sasl.oauthbearer.jwks.endpoint.refresh.ms = 3600000
	sasl.oauthbearer.jwks.endpoint.retry.backoff.max.ms = 10000
	sasl.oauthbearer.jwks.endpoint.retry.backoff.ms = 100
	sasl.oauthbearer.jwks.endpoint.url = null
	sasl.oauthbearer.scope.claim.name = scope
	sasl.oauthbearer.sub.claim.name = sub
	sasl.oauthbearer.token.endpoint.url = null
	sasl.server.callback.handler.class = null
	sasl.server.max.receive.size = 524288
	security.inter.broker.protocol = PLAINTEXT
	security.providers = null
	server.max.startup.time.ms = 9223372036854775807
	socket.connection.setup.timeout.max.ms = 30000
	socket.connection.setup.timeout.ms = 10000
	socket.listen.backlog.size = 50
	socket.receive.buffer.bytes = 102400
	socket.request.max.bytes = 104857600
	socket.send.buffer.bytes = 102400
	ssl.allow.dn.changes = false
	ssl.allow.san.changes = false
	ssl.cipher.suites = []
	ssl.client.auth = none
	ssl.enabled.protocols = [TLSv1.2, TLSv1.3]
	ssl.endpoint.identification.algorithm = https
	ssl.engine.factory.class = null
	ssl.key.password = null
	ssl.keymanager.algorithm = SunX509
	ssl.keystore.certificate.chain = null
	ssl.keystore.key = null
	ssl.keystore.location = null
	ssl.keystore.password = null
	ssl.keystore.type = JKS
	ssl.principal.mapping.rules = DEFAULT
	ssl.protocol = TLSv1.3
	ssl.provider = null
	ssl.secure.random.implementation = null
	ssl.trustmanager.algorithm = PKIX
	ssl.truststore.certificates = null
	ssl.truststore.location = null
	ssl.truststore.password = null
	ssl.truststore.type = JKS
	telemetry.max.bytes = 1048576
	transaction.abort.timed.out.transaction.cleanup.interval.ms = 10000
	transaction.max.timeout.ms = 900000
	transaction.partition.verification.enable = true
	transaction.remove.expired.transaction.cleanup.interval.ms = 3600000
	transaction.state.log.load.buffer.size = 5242880
	transaction.state.log.min.isr = 1
	transaction.state.log.num.partitions = 50
	transaction.state.log.replication.factor = 1
	transaction.state.log.segment.bytes = 104857600
	transactional.id.expiration.ms = 604800000
	unclean.leader.election.enable = false
	unclean.leader.election.interval.ms = 300000
	unstable.api.versions.enable = false
	unstable.feature.versions.enable = false
	zookeeper.clientCnxnSocket = null
	zookeeper.connect = null
	zookeeper.connection.timeout.ms = null
	zookeeper.max.in.flight.requests = 10
	zookeeper.metadata.migration.enable = false
	zookeeper.metadata.migration.min.batch.size = 200
	zookeeper.session.timeout.ms = 18000
	zookeeper.set.acl = false
	zookeeper.ssl.cipher.suites = null
	zookeeper.ssl.client.enable = false
	zookeeper.ssl.crl.enable = false
	zookeeper.ssl.enabled.protocols = null
	zookeeper.ssl.endpoint.identification.algorithm = HTTPS
	zookeeper.ssl.keystore.location = null
	zookeeper.ssl.keystore.password = null
	zookeeper.ssl.keystore.type = null
	zookeeper.ssl.ocsp.enable = false
	zookeeper.ssl.protocol = TLSv1.2
	zookeeper.ssl.truststore.location = null
	zookeeper.ssl.truststore.password = null
	zookeeper.ssl.truststore.type = null
 (kafka.server.KafkaConfig)
[2026-05-09 08:00:41,419] INFO [BrokerServer id=1] Waiting for the broker to be unfenced (kafka.server.BrokerServer)
[2026-05-09 08:00:41,458] INFO [BrokerLifecycleManager id=1] The broker is in RECOVERY. (kafka.server.BrokerLifecycleManager)
[2026-05-09 08:00:41,549] INFO [BrokerLifecycleManager id=1] The broker has been unfenced. Transitioning from RECOVERY to RUNNING. (kafka.server.BrokerLifecycleManager)
[2026-05-09 08:00:41,549] INFO [BrokerServer id=1] Finished waiting for the broker to be unfenced (kafka.server.BrokerServer)
[2026-05-09 08:00:41,551] INFO authorizerStart completed for endpoint PLAINTEXT. Endpoint is now READY. (org.apache.kafka.server.network.EndpointReadyFutures)
[2026-05-09 08:00:41,551] INFO [SocketServer listenerType=BROKER, nodeId=1] Enabling request processing. (kafka.network.SocketServer)
[2026-05-09 08:00:41,552] INFO Awaiting socket connections on 0.0.0.0:9092. (kafka.network.DataPlaneAcceptor)
[2026-05-09 08:00:41,553] INFO [BrokerServer id=1] Waiting for all of the authorizer futures to be completed (kafka.server.BrokerServer)
[2026-05-09 08:00:41,553] INFO [BrokerServer id=1] Finished waiting for all of the authorizer futures to be completed (kafka.server.BrokerServer)
[2026-05-09 08:00:41,553] INFO [BrokerServer id=1] Waiting for all of the SocketServer Acceptors to be started (kafka.server.BrokerServer)
[2026-05-09 08:00:41,553] INFO [BrokerServer id=1] Finished waiting for all of the SocketServer Acceptors to be started (kafka.server.BrokerServer)
[2026-05-09 08:00:41,553] INFO [BrokerServer id=1] Transition from STARTING to STARTED (kafka.server.BrokerServer)
[2026-05-09 08:00:41,554] INFO Kafka version: 3.9.2 (org.apache.kafka.common.utils.AppInfoParser)
[2026-05-09 08:00:41,554] INFO Kafka commitId: 5e9866f43ab8e7e4 (org.apache.kafka.common.utils.AppInfoParser)
[2026-05-09 08:00:41,554] INFO Kafka startTimeMs: 1778293841553 (org.apache.kafka.common.utils.AppInfoParser)
[2026-05-09 08:00:41,557] INFO [KafkaRaftServer nodeId=1] Kafka Server started (kafka.server.KafkaRaftServer)
[2026-05-09 08:01:08,413] INFO [GroupCoordinator 1]: Dynamic member with unknown member id joins group console-consumer-74700 in Empty state. Created a new member id console-consumer-80d211b8-2b91-4b43-8e61-f064e2c47a46 and request the member to rejoin with this id. (kafka.coordinator.group.GroupCoordinator)
[2026-05-09 08:01:08,424] INFO [GroupCoordinator 1]: Preparing to rebalance group console-consumer-74700 in state PreparingRebalance with old generation 0 (__consumer_offsets-29) (reason: Adding new member console-consumer-80d211b8-2b91-4b43-8e61-f064e2c47a46 with group instance id None; client reason: need to re-join with the given member-id: console-consumer-80d211b8-2b91-4b43-8e61-f064e2c47a46) (kafka.coordinator.group.GroupCoordinator)
[2026-05-09 08:01:11,437] INFO [GroupCoordinator 1]: Stabilized group console-consumer-74700 generation 1 (__consumer_offsets-29) with 1 members (kafka.coordinator.group.GroupCoordinator)
[2026-05-09 08:01:11,489] INFO [GroupCoordinator 1]: Assignment received from leader console-consumer-80d211b8-2b91-4b43-8e61-f064e2c47a46 for group console-consumer-74700 for generation 1. The group has 1 members, 0 of which are static. (kafka.coordinator.group.GroupCoordinator)
[2026-05-09 08:01:18,705] INFO [GroupCoordinator 1]: Member console-consumer-a18d47c1-2685-4602-bb5d-5d4bb6927514 in group console-consumer-88598 has failed, removing it from the group (kafka.coordinator.group.GroupCoordinator)
[2026-05-09 08:01:18,710] INFO [GroupCoordinator 1]: Preparing to rebalance group console-consumer-88598 in state PreparingRebalance with old generation 1 (__consumer_offsets-29) (reason: removing member console-consumer-a18d47c1-2685-4602-bb5d-5d4bb6927514 on heartbeat expiration) (kafka.coordinator.group.GroupCoordinator)
[2026-05-09 08:01:18,714] INFO [GroupCoordinator 1]: Group console-consumer-88598 with generation 2 is now empty (__consumer_offsets-29) (kafka.coordinator.group.GroupCoordinator)
[2026-05-09 08:10:31,084] INFO [NodeToControllerChannelManager id=1 name=registration] Node 1 disconnected. (org.apache.kafka.clients.NetworkClient)
[2026-05-09 08:10:33,197] INFO [GroupMetadataManager brokerId=1] Group console-consumer-88598 transitioned to Dead in generation 2 (kafka.coordinator.group.GroupMetadataManager)
